HasContrast;Mean;Median;StdDev;Min;Max;Skewness;Kurtosis;Percentile_25;Percentile_75;Entropy
0;109,528;117,3;59,8;0,638;255;0,428;0,006;56,738;141,525;4,245
0;109,393;113,475;61,82;0,638;255;0,449;-0,122;56,738;142,8;4,32
0;113,082;113,475;63,825;0,638;255;0,453;-0,2;61,838;148,538;4,322
0;102,191;108,375;61,348;0,638;255;0,489;-0,086;45,9;138,338;4,293
0;112,804;119,212;59,741;0,638;255;0,405;0,041;64,388;142,8;4,255
0;110,585;117,938;62,599;0,638;255;0,577;0,05;54,188;139,612;4,133
0;108,434;115,388;59,911;0,638;255;0,428;0,007;56,738;140,888;4,278
0;104,59;109,65;61,329;0,638;255;0,513;-0,052;50,363;138,975;4,302
0;109,241;116,663;60,641;0,638;255;0,513;0,109;55,462;139,612;4,185
0;104,56;110,288;61,393;0,638;255;0,481;-0,083;49,725;139,612;4,299
0;107,195;111,562;62,624;0,638;255;0,509;-0,041;52,912;140,25;4,285
0;117,68;121,125;59,027;0,638;255;0,376;0,042;75,225;147,263;4,281
0;114,304;119,85;59,627;0,638;255;0,348;-0,062;66,938;146,625;4,298
0;116,128;119,85;61,626;0,638;255;0,412;-0,127;66,938;147,263;4,295
0;115,634;119,85;59,984;0,638;255;0,414;-0,005;68,85;145,988;4,275
0;109,275;116,025;61,698;0,638;255;0,481;-0,09;54,188;141,525;4,264
0;110,579;114,75;62,957;0,638;255;0,508;-0,061;58,012;142,162;4,269
0;117,574;116,025;66,257;0,638;255;0,438;-0,34;66,3;153,638;4,297
0;119,679;118,575;66,971;0,638;255;0,423;-0,381;67,575;154,913;4,271
0;106,437;112,2;64,316;0,638;255;0,612;0,011;48,45;138,338;4,179
0;130,634;126,862;54,398;0,638;255;0,604;0,53;100,088;150,45;4,106
0;125,014;120,488;55,653;0,638;255;0,738;0,591;93,075;143,438;4,11
0;112,951;114,112;60,544;0,638;255;0,532;0,107;67,575;142,162;4,283
0;128,373;122,4;58,223;0,638;255;0,659;0,232;93,712;147,9;4,129
0;116,052;113,475;65,755;0,638;255;0,444;-0,339;65,025;153,638;4,329
0;123,362;119,85;53,113;0,638;255;0,786;0,907;93,075;141,525;4,098
0;110,546;111,562;57,914;0,638;255;0,523;0,187;66,938;140,888;4,314
0;129,251;125,587;60,24;0,638;255;0,383;-0,13;90,525;160,012;4,259
0;79,594;61,2;59,949;0,638;255;0,984;0,536;30,6;121,125;4,22
0;98,257;96,9;64,199;0,638;255;0,802;0,156;41,438;133,875;4,181
0;90,48;74,587;66,426;0,638;255;0,879;0,129;36,975;131,962;4,289
0;91,361;83,512;68,367;0,638;255;1,025;0,503;41,438;110,925;4,17
0;84,409;69,488;59,707;0,638;255;0,915;0,43;35,062;124,95;4,243
0;79,715;58,65;60,441;0,638;255;1,017;0,553;31,238;121,125;4,219
0;78,618;58,65;59,085;0,638;255;1,066;0,787;31,875;118,575;4,199
0;80,154;62,475;58,912;0,638;255;1,035;0,736;33,15;119,212;4,218
0;75,838;54,825;57,958;0,638;255;1,131;0,916;31,238;115,388;4,19
0;78,529;59,925;58,29;0,638;255;1,025;0,699;31,875;119,212;4,214
0;77,407;58,012;59,045;0,638;255;1,087;0,725;31,875;115,388;4,246
0;81,52;65,025;62,976;0,638;255;1,021;0,587;29,962;119,85;4,236
0;76,715;55,462;53,603;0,638;255;1,201;1,383;35,7;116,663;4,065
0;74,998;54,188;54,263;0,638;255;1,291;1,628;34,425;112,838;4,078
0;86,71;75,225;59,835;0,638;255;0,87;0,386;36,975;126,225;4,274
0;79,541;61,838;60,748;0,638;255;1,002;0,603;29,325;119,85;4,209
0;79,82;57,375;59,076;0,638;255;1,179;1,075;34,425;119,212;4,13
0;78,263;58,012;58,565;0,638;255;1,054;0,763;31,875;118,575;4,191
0;75,003;51;57,124;0,638;255;1,321;1,558;32,513;114,112;4,049
0;80,196;63,112;59,527;0,638;255;1,019;0,595;33,788;118,575;4,279
0;84,134;65,663;63,173;0,638;255;1,014;0,509;32,513;124,312;4,207
0;83,97;67,575;62,023;0,638;255;1,02;0,614;35,7;121,762;4,272
0;74,812;49,088;54,354;0,638;255;1,195;1,184;33,15;117,3;3,98
0;83,541;63,112;62,646;0,638;255;0,968;0,364;33,15;126,225;4,239
0;82,268;64,388;61,062;0,638;255;0,995;0,491;33,788;121,762;4,272
0;87,006;72,038;63,077;0,638;255;0,942;0,403;37,612;126,225;4,291
1;88,506;67,575;66,847;0,638;255;0,878;-0,064;34,425;132,6;4,331
1;91,521;76,5;66,011;0,638;255;0,849;0,021;36,975;132,6;4,312
0;85,498;67,575;62,966;0,638;255;0,932;0,303;34,425;126,862;4,274
0;80,448;54,188;60,81;0,638;255;1,16;0,886;33,15;123,675;4,058
0;111,208;116,663;60,85;0,638;255;0,434;-0,065;59,288;143,438;4,286
1;151,689;149,175;52,926;0,638;255;0,143;0,191;127,5;170,85;4,039
0;107,672;114,75;62,061;0,638;255;0,468;-0,059;51,638;140,25;4,254
0;124,064;121,125;54,289;0,638;255;0,687;0,768;94,35;142,8;4,106
0;131,309;129,412;52,652;0,638;255;0,612;0,817;105,188;147,263;4,009
0;130,704;128,137;51,826;0,638;255;0,65;0,886;103,275;148,538;4,038
0;101,013;102,638;61,416;0,638;255;0,638;0,066;47,175;137,062;4,288
0;94,103;92,438;61,208;0,638;255;0,728;0,177;40,8;131,962;4,284
0;97,908;99,45;60,898;0,638;255;0,666;0,143;43,988;134,512;4,273
0;108,128;114,75;58,93;0,638;255;0,642;0,18;53,55;138,975;4,14
0;92,472;87,338;62,324;0,638;255;0,763;0,143;38,887;131,325;4,29
0;106,929;108,375;61,543;0,638;255;0,575;0,001;54,825;140,888;4,306
0;112,171;113,475;59,492;0,638;255;0,63;0,242;65,663;139,612;4,238
0;101,75;96,9;62,768;0,638;255;0,697;0,102;52,275;138,338;4,327
0;93,218;90,525;59,94;0,638;255;0,765;0,304;42,075;128,775;4,307
1;127,787;121,125;66,34;0,638;255;0,537;-0,409;80,962;154,913;4,17
0;105,723;107,738;58,176;0,638;255;0,639;0,336;58,65;135,788;4,276
0;91,548;87,338;60,229;0,638;255;0,788;0,302;40,162;128,775;4,294
0;111,311;112,838;56,323;0,638;255;0,597;0,385;68,85;139,612;4,266
1;100,71;97,538;63,712;0,638;255;0,631;-0,242;44,625;139,612;4,367
0;85,257;80,962;59,432;0,638;255;0,915;0,681;34,425;120,488;4,23
0;116,036;117,3;55,946;0,638;255;0,763;0,726;77,775;137,062;4,105
0;92,612;88,612;60,756;0,638;255;0,721;0,097;39,525;131,962;4,298
0;106,372;100,088;63,097;0,638;255;0,526;-0,267;57,375;146,625;4,408
0;101,812;104,55;61,661;0,638;255;0,574;-0,025;47,175;138,975;4,29
0;108,894;107,1;64,404;0,638;255;0,494;-0,273;56,738;148,538;4,357
0;107,42;103,275;64,336;0,638;255;0,508;-0,284;56,1;147,9;4,38
0;101,171;103,912;62,501;0,638;255;0,588;-0,036;45,262;137,7;4,295
0;108,293;106,462;65,638;0,638;255;0,547;-0,245;53,55;147,263;4,319
0;102,015;105,188;62,77;0,638;255;0,595;-0,035;45,9;138,338;4,281
0;97,429;99,45;62,183;0,638;255;0,621;-0,014;41,438;135,788;4,281
0;104,214;109,65;63,678;0,638;255;0,572;-0,07;45,9;138,975;4,237
0;107,558;107,1;64,378;0,638;255;0,513;-0,221;54,188;146,625;4,334
0;97,764;99,45;62,46;0,638;255;0,671;0,051;42,075;135,15;4,261
0;87,648;84,15;62,898;0,638;255;0,794;0,216;31,875;127,5;4,225
0;95,732;96,9;64,48;0,638;255;0,684;-0,079;36,975;135,788;4,226
0;93,509;89,887;63,324;0,638;255;0,754;0,057;37,612;133,237;4,239
0;105,67;108,375;62,191;0,638;255;0,57;-0,037;51;141,525;4,285
0;97,548;101,363;63,04;0,638;255;0,628;-0,061;38,887;135,788;4,241
1;137,753;134,512;57,038;0,638;255;0,355;-0,182;100,088;166,388;4,238
0;109,687;111,562;59,301;0,638;255;0,569;0,174;62,475;139,612;4,289
0;109,252;112,838;59,306;0,638;255;0,581;0,198;60,562;138,975;4,259
0;117,84;116,663;63,037;0,638;255;0,428;-0,206;70,762;152,362;4,322
0;98,044;96,9;61,023;0,638;255;0,683;0,097;45,262;135,15;4,299
0;114,25;108,375;65,974;0,638;255;0,419;-0,522;63,112;157,462;4,424
0;102,87;105,188;60,231;0,638;255;0,66;0,215;51;135,788;4,266
0;107,237;109,65;61,636;0,638;255;0,581;0,012;54,188;140,888;4,285
1;126,424;125,587;69,103;0,638;255;0,211;-0,833;68,85;173,4;4,421
0;97,69;96,9;62,732;0,638;255;0,837;0,32;42,713;131,962;4,177
0;91,021;82,875;62,464;0,638;255;0,806;0,156;36,975;130,688;4,278
0;85,115;75,225;63,597;0,638;255;0,885;0,31;30,6;124,95;4,239
0;87,31;72,038;63,534;0,638;255;0,882;0,187;34,425;128,775;4,288
0;82,712;58,012;59,612;0,638;255;1,058;0,625;33,788;126,225;4,026
0;91,025;75,225;66,429;0,638;255;0,902;0,184;37,612;131,325;4,262
0;118,556;123,038;62,12;0,638;255;0,398;-0,082;71,4;147,263;4,22
0;112,794;118,575;61,3;0,638;255;0,413;-0,059;62,475;144,075;4,266
0;111,61;115,388;59,825;0,638;255;0,501;0,121;63,75;142,162;4,255
0;116,474;120,488;61,429;0,638;255;0,426;-0,022;68,85;145,988;4,236
0;112,712;113,475;60,706;0,638;255;0,572;0,121;66,938;141,525;4,277
0;118,482;121,762;62,924;0,638;255;0,376;-0,199;69,488;150,45;4,281
0;115,073;125,587;59,917;0,638;255;0,455;0,002;59,925;144,712;4,067
0;115,805;121,762;64,569;0,638;255;0,494;-0,083;62,475;143,438;4,102
0;116,885;123,675;61,415;0,638;255;0,462;0,143;70,762;142,8;4,069
0;114,339;119,212;61,22;0,638;255;0,442;0,029;66,938;143,438;4,235
0;97,011;93,075;59,398;0,638;255;0,779;0,322;47,175;131,962;4,3
0;100,01;91,162;64,549;0,638;255;0,726;-0,026;49,088;138,338;4,353
0;100,843;99,45;59,545;0,638;255;0,723;0,218;50,363;134,512;4,301
0;97,346;91,8;60,312;0,638;255;0,77;0,225;47,812;132,6;4,33
0;89,332;78,412;61,116;0,638;255;0,905;0,386;38,25;126,862;4,28
0;92,649;86,062;59,872;0,638;255;0,85;0,39;42,075;128,775;4,281
0;98,267;94,988;61,009;0,638;255;0,787;0,256;46,538;132,6;4,295
0;121,791;119,212;54,088;0,638;255;0,73;0,682;88,612;142,162;4,155
0;139,169;131,325;58,826;0,638;255;0,477;-0,199;100,725;167,025;4,133
0;128,985;125,587;58,333;0,638;255;0,692;0,305;95,625;145,35;4,006
0;93,768;94,35;59,792;0,638;255;0,785;0,391;40,162;130,688;4,166
0;103,024;103,275;62,364;0,638;255;0,841;0,323;49,088;133,875;4,153
0;93,864;89,25;60,509;0,638;255;0,796;0,294;42,713;130,05;4,29
0;94,059;91,162;61,035;0,638;255;0,789;0,264;40,8;130,688;4,265
1;109,817;103,275;69,929;0,638;255;0,5;-0,723;47,812;156,825;4,414
0;97,008;92,438;61,303;0,638;255;0,752;0,152;44,625;134,512;4,289
0;92,682;86,7;60,487;0,638;255;0,809;0,297;41,438;130,05;4,278
0;97,529;94,988;60,477;0,638;255;0,787;0,321;45,9;132,6;4,261
0;94,993;88,612;61,064;0,638;255;0,778;0,2;43,988;132,6;4,302
0;104,459;98,175;64,328;0,638;255;0,626;-0,132;53,55;143,438;4,356
0;103,874;96,9;65,294;0,638;255;0,686;-0,079;52,275;142,162;4,324
0;98,554;96,9;61,144;0,638;255;0,806;0,315;45,9;134,512;4,192
1;120,015;121,125;64,718;0,638;255;0,334;-0,479;66,938;156,825;4,373
0;83,675;68,212;59,87;0,638;255;0,84;0,195;33,788;126,225;4,29
0;84,638;68,85;60,495;0,638;255;0,855;0,224;33,788;127,5;4,246
0;98,815;90,525;65,869;0,638;255;0,706;-0,1;45,9;138,975;4,358
0;89,203;83,512;60,237;0,638;255;0,72;0,087;36,338;130,05;4,287
0;81,504;67,575;58,979;0,638;255;0,873;0,374;31,875;123,038;4,235
0;88,492;80,325;60,273;0,638;255;0,769;0,143;36,338;129,412;4,285
0;86,709;75,862;61,602;0,638;255;0,781;0,081;33,15;129,412;4,271
0;89,663;78,412;61,634;0,638;255;0,825;0,221;40,8;128,137;4,348
0;84,555;67,575;62,014;0,638;255;0,889;0,225;33,15;126,862;4,277
0;93,252;89,887;61,73;0,638;255;0,714;0,036;38,25;133,875;4,243
0;81,9;62,475;60,738;0,638;255;0,93;0,402;31,238;124,95;4,162
0;84,286;67,575;61,657;0,638;255;0,88;0,24;33,15;126,862;4,259
0;80,234;61,2;59,792;0,638;255;0,938;0,428;30,6;123,038;4,204
0;89,107;75,225;63,098;0,638;255;0,872;0,202;35,062;130,688;4,199
0;88,356;67,575;59,31;0,638;255;0,905;0,298;37,612;132,6;3,997
0;89,107;75,225;63,098;0,638;255;0,872;0,202;35,062;130,688;4,199
0;88,604;72,675;60,789;0,638;255;0,9;0,375;37,612;130,05;4,151
0;83,773;66,3;61,096;0,638;255;0,903;0,316;33,15;126,225;4,23
0;90,111;79,05;61,756;0,638;255;0,783;0,131;40,162;130,688;4,341
0;85,231;68,85;62,345;0,638;255;0,88;0,228;32,513;127,5;4,215
0;84,447;68,85;60,319;0,638;255;0,851;0,229;33,788;126,862;4,258
0;80,14;59,925;59,542;0,638;255;0,954;0,49;30,6;123,038;4,159
0;78,676;61,2;60,345;0,638;255;0,957;0,528;28,05;120,488;4,193
0;86,474;71,4;62,269;0,638;255;0,815;0,07;33,788;130,05;4,28
0;80,329;59,925;59,995;0,638;255;0,951;0,441;31,238;123,675;4,193
0;82,231;66,3;59,652;0,638;255;0,875;0,319;32,513;124,312;4,252
0;89,875;80,325;62,304;0,638;255;0,794;0,11;35,7;131,962;4,225
0;86,374;77,138;59,667;0,638;255;0,898;0,472;35,7;124,312;4,269
1;98,501;84,788;67,808;0,638;255;0,662;-0,526;40,162;143,438;4,424
0;88,868;79,05;61,22;0,638;255;0,92;0,471;37,612;126,225;4,27
0;94,276;88,612;60,17;0,638;255;0,849;0,426;45,262;128,137;4,312
0;91,127;88,612;58,607;0,638;255;0,733;0,236;39,525;128,137;4,302
0;81,604;59,925;62,859;0,638;255;1,091;0,679;32,513;121,125;4,199
0;90,334;73,95;66,56;0,638;255;0,942;0,24;38,25;129,412;4,283
0;88,553;76,5;62,278;0,638;255;0,965;0,534;37,612;126,225;4,226
0;87,06;70,762;63,89;0,638;255;1,037;0,581;35,062;124,95;4,188
0;86,284;64,388;64,639;0,638;255;1,108;0,672;35,062;124,95;4,123
0;92,083;83,512;62,066;0,638;255;0,962;0,555;40,162;127,5;4,197
0;83,031;58,65;64,145;0,638;255;1,172;0,846;33,15;121,762;4,104
0;89,233;76,5;63,608;0,638;255;0,947;0,407;36,338;127,5;4,228
0;90,642;79,688;62,841;0,638;255;0,935;0,443;38,887;127,5;4,249
0;92,067;84,15;62,6;0,638;255;0,905;0,43;40,162;128,137;4,251
0;89,203;79,688;61,464;0,638;255;0,988;0,656;38,887;124,312;4,228
0;84,139;63,75;63,886;0,638;255;1,051;0,55;33,788;123,675;4,217
0;91,63;75,225;66,835;0,638;255;0,941;0,249;38,887;130,05;4,258
0;86,365;77,138;61,912;0,638;255;1,039;0,789;35,7;120,488;4,205
0;90,658;75,862;65,925;0,638;255;0,939;0,276;39,525;128,137;4,293
0;81,552;60,562;62,872;0,638;255;1,108;0,719;32,513;120,488;4,21
0;85,887;70,762;62,59;0,638;255;1,076;0,755;35,7;122,4;4,19
0;85,966;72,038;61,54;0,638;255;1,021;0,676;35,7;123,675;4,207
1;105,367;94,35;64,935;0,638;255;0,729;-0,213;52,912;142,8;4,38
0;104,838;110,288;61,686;0,638;255;0,591;0,063;49,088;137,7;4,229
0;100,805;103,275;63,222;0,638;255;0,64;0,08;44,625;133,875;4,28
0;111,282;114,112;62,064;0,638;255;0,516;-0,008;60,562;142,8;4,279
0;111,326;116,025;62,202;0,638;255;0,472;-0,07;58,65;142,8;4,277
0;122,212;119,85;67,148;0,638;255;0,376;-0,459;71,4;159,375;4,293
0;114,397;117,3;61,859;0,638;255;0,51;-0,014;65,025;144,075;4,252
0;109,702;112,2;58,978;0,638;255;0,664;0,407;63,75;137,062;4,203
0;102,002;105,188;64,13;0,638;255;0,61;-0,086;43,988;137,7;4,287
0;108,629;113,475;62,401;0,638;255;0,535;0,018;54,825;139,612;4,249
1;126,984;129,412;64,13;0,638;255;0,204;-0,598;74,587;166,388;4,363
0;90,668;85,425;60,514;0,638;255;0,802;0,295;38,887;128,775;4,271
0;85,255;73,312;59,703;0,638;255;0,829;0,267;34,425;126,862;4,251
0;87,502;79,05;60,483;0,638;255;0,825;0,297;35,7;127,5;4,266
0;107,512;110,288;59,181;0,638;255;0,581;0,14;58,012;138,975;4,288
0;99,5;102;59,802;0,638;255;0,631;0,154;46,538;134,512;4,285
0;120,601;110,288;74,556;0,638;255;0,366;-0,928;59,288;174,038;4,402
0;77,653;54,825;57,02;0,638;255;1,27;1,412;34,425;116,663;4,081
0;85,241;76,5;59,033;0,638;255;0,836;0,379;35,7;124,312;4,286
0;84,818;71,4;60,407;0,638;255;0,872;0,295;35,062;124,95;4,295
1;89,094;75,225;63,301;0,638;255;0,711;-0,235;34,425;134,512;4,3
0;82,828;72,038;56,898;0,638;255;0,895;0,584;34,425;122,4;4,179
0;97,303;94,35;65,479;0,638;255;0,81;0,097;39,525;135,15;4,156
0;102,833;94,35;68,738;0,638;255;0,68;-0,25;46,538;143,438;4,311
0;92,209;82,875;64,031;0,638;255;0,778;0,016;36,975;134,512;4,251
0;100,803;102;63,876;0,638;255;0,65;-0,069;43,35;138,338;4,267
0;108,579;114,112;64,995;0,638;255;0,695;0,039;49,088;138,338;4,056
0;94,41;87,338;64,354;0,638;255;0,736;-0,048;38,887;135,788;4,304
1;84,775;57,375;67,003;0,638;255;1,023;0,249;30,6;127,5;4,132
0;80,541;61,2;59,702;0,638;255;0,907;0,277;31,875;123,675;4,257
0;82,449;63,75;59,696;0,638;255;0,937;0,41;33,15;124,312;4,197
1;102,223;94,35;71,147;0,638;255;0,754;-0,328;40,162;140,888;4,214
0;88,874;74,587;63,885;0,638;255;0,889;0,254;38,25;128,775;4,313
0;78,089;52,912;60,384;0,638;255;0,998;0,405;29,962;123,038;4,165
0;107,848;107,738;58,908;0,638;255;0,534;0,067;61,2;142,162;4,337
0;85,579;64,388;57,693;0,638;255;0,93;0,39;36,338;129,412;3,996
0;73,715;54,825;57,044;0,638;255;1,115;1,032;28,688;112,2;4,182
0;77,526;54,825;55,027;0,638;255;1,169;1,142;33,788;116,663;4,043
0;93,375;82,238;63,769;0,638;255;0,836;0,201;42,075;131,962;4,313
0;82,727;66,938;60,304;0,638;255;0,98;0,553;34,425;121,762;4,272
0;86,47;70,762;63,321;0,638;255;0,981;0,471;36,975;124,312;4,289
0;84,834;68,212;62,633;0,638;255;0,954;0,347;35,062;124,312;4,311
0;83,615;68,85;58,766;0,638;255;0,99;0,67;35,7;121,762;4,232
0;88,522;75,225;60,94;0,638;255;0,874;0,272;38,25;128,137;4,299
0;105,043;110,925;56,682;0,638;255;0,613;0,182;53,55;133,875;4,205
0;92,057;89,25;60,629;0,638;255;0,702;0,057;38,25;131,962;4,29
1;117,713;119,212;63,436;0,638;255;0,398;-0,452;63,112;154,913;4,373
0;101,766;103,912;65,215;0,638;255;0,741;0,036;42,713;135,788;4,159
0;94,92;95,625;62,33;0,638;255;0,728;0,115;38,887;131,962;4,25
0;99,184;99,45;63,145;0,638;255;0,661;-0,058;42,713;135,788;4,306
0;100,011;100,725;64,347;0,638;255;0,797;0,173;42,713;133,237;4,157
0;98,354;98,175;62,116;0,638;255;0,699;0,067;43,988;133,875;4,308
0;93,926;92,438;61,274;0,638;255;0,745;0,153;39,525;131,325;4,261
0;94,285;87,338;62,761;0,638;255;0,744;0,021;40,8;133,875;4,326
0;105,575;115,388;59,114;0,638;255;0,582;0,097;49,088;138,338;4,112
0;105,811;112,838;60,491;0,638;255;0,543;0,07;51,638;138,975;4,235
0;110,249;107,738;64,427;0,638;255;0,463;-0,306;59,288;149,812;4,378
0;110,363;114,75;58,188;0,638;255;0,548;0,225;62,475;139,612;4,253
0;103,126;108,375;60,054;0,638;255;0,492;-0,039;49,725;138,975;4,303
0;112,311;110,288;62,933;0,638;255;0,453;-0,289;63,112;149,175;4,4
0;101,547;106,462;60,532;0,638;255;0,526;0,002;47,812;137,7;4,302
0;104,808;105,188;64,006;0,638;255;0,692;0,024;49,088;138,338;4,246
0;110,846;112,838;61,549;0,638;255;0,617;0,075;59,288;141,525;4,237
0;101,903;102;64,307;0,638;255;0,64;-0,128;44,625;139,612;4,298
0;102,363;103,912;62,563;0,638;255;0,647;0,035;47,175;138,338;4,273
0;113,983;114,112;61,778;0,638;255;0,529;-0,068;65,025;146,625;4,299
0;113,662;116,025;60,784;0,638;255;0,575;0,087;65,025;143,438;4,238
0;101,426;102;63,608;0,638;255;0,664;-0,046;44,625;138,338;4,281
0;113,634;116,025;61,292;0,638;255;0,58;0,05;63,75;143,438;4,24
0;119,351;116,025;66,187;0,638;255;0,459;-0,386;68,212;156,188;4,303
0;115,292;118,575;63,576;0,638;255;0,639;0,027;61,838;142,162;4,101
0;94,015;92,438;63,167;0,638;255;0,675;-0,076;36,975;135,15;4,263
0;87,835;74,587;63,108;0,638;255;0,815;0,088;33,788;131,325;4,23
0;97,437;93,075;65,213;0,638;255;0,734;-0,079;40,162;137,7;4,258
0;88,844;77,138;63,441;0,638;255;0,794;0,043;33,788;131,962;4,224
0;100,368;100,725;62,811;0,638;255;0,652;-0,047;44,625;138,338;4,285
0;91,539;85,425;63,191;0,638;255;0,747;0,011;35,7;133,237;4,233
0;100,464;92,438;67,783;0,638;255;0,686;-0,227;43,988;142,162;4,325
0;95,465;91,162;64,611;0,638;255;0,746;-0,032;38,887;135,15;4,268
0;98,2;99,45;61,012;0,638;255;0,657;0,076;43,988;135,788;4,279
0;87,119;73,312;62,875;0,638;255;0,845;0,162;33,15;129,412;4,225
0;96,574;94,988;64,397;0,638;255;0,737;0,014;39,525;135,15;4,25
0;115,729;103,912;74,427;0,638;255;0,444;-0,858;54,825;167,662;4,4
0;83,927;72,038;61,926;0,638;255;0,865;0,296;30,6;124,95;4,239
0;86,129;69,488;60,046;0,638;255;1,037;0,737;36,975;124,95;4,142
0;77,98;57,375;58,741;0,638;255;1,091;0,767;32,513;117,3;4,214
0;79,127;57,375;59,887;0,638;255;1,015;0,531;31,238;121,125;4,211
0;82,058;63,112;60,924;0,638;255;1,003;0,533;32,513;122,4;4,231
0;83,681;64,388;59,704;0,638;255;1,107;0,902;35,7;121,762;4,132
0;76,437;53,55;58,68;0,638;255;1,13;0,845;31,238;116,663;4,176
0;78,903;59,288;59,817;0,638;255;1,036;0,64;31,238;118,575;4,235
0;90,215;80,325;62,368;0,638;255;0,824;0,203;37,612;130,05;4,293
0;86,065;72,038;61,946;0,638;255;0,906;0,358;35,062;126,225;4,279
0;91,439;82,238;63,075;0,638;255;0,81;0,141;37,612;131,962;4,275
1;101,241;88,612;68,97;0,638;255;0,648;-0,448;43,988;146,625;4,384
0;84,788;69,488;61,334;0,638;255;0,93;0,419;34,425;124,95;4,252
0;96,195;85,425;64,326;0,638;255;0,78;0,058;43,988;136,425;4,315
0;94,152;88,612;63,094;0,638;255;0,772;0,106;39,525;133,237;4,27
0;92,21;81,6;61,551;0,638;255;0,906;0,493;45,262;126,862;4,306
0;96,684;84,15;67,016;0,638;255;0,78;-0,113;43,988;135,15;4,378
0;71,485;51;53,582;0,638;255;1,458;2,385;30,6;105,825;3,976
0;113,515;104,55;67,508;0,638;255;0,521;-0,484;61,2;154,913;4,393
0;81,842;68,212;57,774;0,638;255;1,022;0,842;35,7;118,575;4,242
0;85,417;72,038;54,082;0,638;255;1,199;1,509;40,8;119,85;3,994
0;86,889;76,5;58,19;0,638;255;1,023;0,896;40,8;121,125;4,25
0;84,926;71,4;59,031;0,638;255;1,253;1,45;38,887;116,663;4,109
1;94,001;84,788;62,166;0,638;255;0,826;0,124;42,713;130,05;4,342
0;87,258;79,688;57,226;0,638;255;1,194;1,47;42,075;117,3;4,139
0;89,263;79,688;62,205;0,638;255;0,749;0,024;36,338;130,688;4,329
0;88,528;80,325;61,076;0,638;255;0,768;0,132;36,338;128,775;4,318
0;93,535;92,438;61,205;0,638;255;0,707;0,149;39,525;131,325;4,289
0;91,996;89,887;60,955;0,638;255;0,727;0,177;38,25;130,688;4,28
0;95,839;97,538;60,944;0,638;255;0,655;0,103;41,438;133,237;4,28
0;98,851;101,363;67,918;0,638;255;0,718;-0,128;35,7;136,425;4,125
0;94,686;91,8;65,551;0,638;255;0,659;-0,218;35,7;137,062;4,29
0;106,835;112,838;65,654;0,638;255;0,473;-0,332;45,9;143,438;4,297
0;116,407;121,762;61,927;0,638;255;0,391;-0,078;68,212;145,988;4,241
0;94,391;95,625;64,647;0,638;255;0,652;-0,143;35,062;135,15;4,253
0;96,62;98,812;64,466;0,638;255;0,598;-0,187;37,612;137,062;4,287
0;81,152;61,2;61,618;0,638;255;0,995;0,487;31,238;123,038;4,227
0;81,062;56,1;62,251;0,638;255;1,156;0,902;32,513;122,4;4,085
0;81,571;62,475;60,764;0,638;255;0,974;0,477;32,513;123,038;4,239
0;80,742;56,738;61,085;0,638;255;1,145;0,926;32,513;122,4;4,092
0;106,256;101,363;63,536;0,638;255;0,792;0,137;55,462;135,15;4,279
0;103,895;110,288;54,773;0,638;255;0,73;0,581;53,55;134,512;4,087
0;94,485;90,525;60,1;0,638;255;0,748;0,181;42,713;131,962;4,305
0;96,25;94,988;58,552;0,638;255;0,739;0,312;45,9;131,962;4,28
0;102,941;105,188;57,519;0,638;255;0,631;0,25;53,55;135,788;4,287
0;79,802;59,288;60,516;0,638;255;1,029;0,6;30,6;121,762;4,198
0;98,608;98,175;61,474;0,638;255;0,675;0,124;45,262;134,512;4,306
0;113,82;114,75;53,781;0,638;255;0,594;0,702;79,688;138,975;4,218
0;96,876;98,175;62,316;0,638;255;0,659;0,058;40,8;134,512;4,278
0;100,07;100,725;62,759;0,638;255;0,786;0,28;44,625;133,237;4,192
0;98,375;100,088;62,386;0,638;255;0,637;0,008;42,075;135,788;4,283
0;99,398;98,175;60,641;0,638;255;0,637;0,055;47,812;135,788;4,335
0;102,394;102;63,918;0,638;255;0,564;-0,191;46,538;140,888;4,347
0;101,426;102,638;62,682;0,638;255;0,567;-0,121;45,9;139,612;4,318
0;90,662;90,525;59,166;0,638;255;0,684;0,157;37,612;130,05;4,255
0;96,761;100,725;61,31;0,638;255;0,601;-0,002;40,8;135,15;4,27
0;104,821;97,538;68,186;0,638;255;0,516;-0,557;47,812;151,725;4,422
0;98,205;101,363;60,442;0,638;255;0,539;-0,088;43,35;137,062;4,307
1;99,028;97,538;63,439;0,638;255;0,53;-0,359;42,713;140,888;4,392
0;91,899;93,075;59,488;0,638;255;0,608;-0,012;38,25;132,6;4,267
0;106,541;110,288;60,475;0,638;255;0,466;-0,057;54,188;142,162;4,312
0;98,043;94,35;66,662;0,638;255;0,709;-0,139;39,525;137,062;4,297
0;102,527;103,912;62,057;0,638;255;0,665;0,107;48,45;136,425;4,276
0;98,966;98,175;65,058;0,638;255;0,691;-0,067;40,8;136,425;4,281
0;95,733;92,438;65,498;0,638;255;0,766;0,028;37,612;133,237;4,255
0;97,705;94,988;65,65;0,638;255;0,704;-0,07;40,162;135,788;4,302
0;99,653;94,988;66,967;0,638;255;0,701;-0,113;42,713;138,975;4,29
0;100,723;99,45;64,865;0,638;255;0,65;-0,106;43,35;138,975;4,303
0;98,008;96,262;67,155;0,638;255;0,776;-0,006;38,25;135,15;4,177
0;102,057;105,188;63,061;0,638;255;0,609;0,039;46,538;136,425;4,279
0;99,272;102;63,073;0,638;255;0,612;-0,049;42,075;137,062;4,276
0;106,484;110,288;63,558;0,638;255;0,536;-0,119;49,725;142,162;4,278
0;108,127;116,663;63,268;0,638;255;0,589;0,051;49,725;139,612;4,102
0;101,957;105,825;63,98;0,638;255;0,575;-0,127;43,35;139,612;4,271
0;109,044;114,112;62,474;0,638;255;0,495;-0,094;54,188;142,8;4,274
0;104,065;112,2;61,935;0,638;255;0,578;0,072;46,538;138,338;4,162
0;109,441;116,025;65,544;0,638;255;0,612;-0,074;49,088;140,888;4,107
0;103,99;109,65;63,299;0,638;255;0,539;-0,113;45,9;140,25;4,259
0;104,774;108,375;64,112;0,638;255;0,588;-0,073;47,175;139,612;4,257
0;90,297;84,788;59,177;0,638;255;0,786;0,292;39,525;127,5;4,301
0;237,266;255;43,801;102;255;-2,153;2,815;255;255;1,016
0;88,738;82,238;58,384;0,638;255;0,771;0,241;38,887;126,862;4,316
0;83,274;70,762;57,837;0,638;255;0,895;0,442;35,7;121,762;4,283
0;108,606;110,925;65,353;0,638;255;0,63;-0,05;52,275;140,25;4,208
0;118,564;115,388;69,832;0,638;255;0,443;-0,542;62,475;156,825;4,288
0;115,46;116,025;63,895;0,638;255;0,592;-0,035;65,663;144,075;4,203
0;83,178;67,575;60,629;0,638;255;0,949;0,47;34,425;123,038;4,279
0;75,428;51,638;60,689;0,638;255;1,136;0,832;28,688;117,3;4,165
0;84,204;67,575;62,89;0,638;255;0,936;0,336;33,15;124,95;4,29
0;90,463;82,238;62,633;0,638;255;0,912;0,472;40,162;124,95;4,292
0;81,874;65,663;62,879;0,638;255;0,985;0,506;29,962;121,762;4,23
0;85,618;71,4;62,25;0,638;255;0,957;0,454;36,975;123,038;4,305
0;77,949;54,825;61,482;0,638;255;1,083;0,695;29,325;119,85;4,185
0;86,768;72,038;60,468;0,638;255;0,983;0,661;36,975;126,225;4,156
0;81,817;65,663;59,056;0,638;255;1,017;0,672;34,425;120,488;4,248
0;84,273;71,4;56,997;0,638;255;1,035;0,86;38,887;119,212;4,25
0;81,908;72,038;58,43;0,638;255;0,905;0,571;32,513;120,488;4,248
0;84,481;70,762;59,361;0,638;255;0,872;0,351;35,062;124,95;4,267
0;85,031;73,95;59,796;0,638;255;0,903;0,456;33,788;124,95;4,206
0;101,492;101,363;63,013;0,638;255;0,622;-0,081;45,9;138,975;4,319
0;98,504;97,538;59,589;0,638;255;0,709;0,309;48,45;132,6;4,304
0;94,384;94,988;62,583;0,638;255;0,654;-0,063;38,25;134,512;4,278
0;95,987;97,538;62,486;0,638;255;0,695;0,029;39,525;136,425;4,185
0;105,942;101,363;67,117;0,638;255;0,58;-0,308;50,363;146,625;4,346
0;96,388;98,175;62,501;0,638;255;0,622;-0,106;39,525;136,425;4,282
0;96,997;96,9;63,457;0,638;255;0,599;-0,226;40,162;138,975;4,311
0;101,925;98,175;64,147;0,638;255;0,609;-0,13;49,088;141,525;4,359
0;98,533;106,462;60,736;0,638;255;0,584;0,034;42,075;136,425;4,189
0;97,375;99,45;64,225;0,638;255;0,639;-0,128;38,887;136,425;4,271
0;98,103;98,812;63,913;0,638;255;0,594;-0,214;40,162;138,975;4,312
0;119,853;121,125;53,134;0,638;255;0,55;0,652;87,338;142,8;4,188
0;103,141;92,438;66,859;0,638;255;0,878;0,215;56,1;131,325;4,233
0;109,273;114,112;57,694;0,638;255;0,462;0,148;61,838;140,25;4,283
0;124,188;123,038;52,38;0,638;255;0,596;0,713;93,712;145,35;4,167
1;140,77;134,512;50,74;0,638;255;0,56;0,485;111,562;160,65;4,094
0;123,903;123,675;53,072;0,638;255;0,565;0,641;93,075;145,35;4,167
0;120,822;121,762;54,256;0,638;255;0,498;0,48;86,7;145,35;4,222
1;95,527;80,325;67,962;0,638;255;0,804;-0,209;37,612;138,338;4,264
0;79,141;63,75;56,318;0,638;255;0,99;0,729;33,788;117,3;4,237
0;87,762;77,138;60,112;0,638;255;0,837;0,252;36,975;127,5;4,3
0;85,879;74,587;58,47;0,638;255;0,899;0,484;36,975;124,95;4,237
0;85,408;75,225;59,116;0,638;255;0,858;0,38;35,7;124,312;4,276
1;95,872;84,788;64,454;0,638;255;0,756;-0,12;41,438;136,425;4,351
0;82,904;63,75;61,479;0,638;255;0,954;0,381;32,513;124,95;4,235
0;100,773;98,812;65,986;0,638;255;0,636;-0,225;42,713;140,25;4,327
0;99,807;98,812;64,877;0,638;255;0,636;-0,159;42,075;138,975;4,315
0;108,689;110,288;65,209;0,638;255;0,567;-0,202;51,638;142,8;4,297
0;108,747;110,288;67,891;0,638;255;0,679;-0,188;47,812;140,25;4,154
0;117,963;115,388;65,725;0,638;255;0,493;-0,289;67,575;152,362;4,276
0;87,407;75,862;61,353;0,638;255;0,849;0,25;35,7;128,137;4,269
0;90,513;83,512;60,156;0,638;255;0,814;0,279;38,887;128,775;4,265
0;91,046;84,15;58,994;0,638;255;0,77;0,203;40,162;130,688;4,263
0;84,513;67,575;62,373;0,638;255;0,876;0,225;31,875;127,5;4,245
0;90,217;81,6;62,957;0,638;255;0,791;0,101;35,7;131,325;4,272
0;88,186;73,95;63,609;0,638;255;0,825;0,077;33,788;130,688;4,265
0;87,108;73,312;62,515;0,638;255;0,821;0,121;33,788;130,05;4,262
0;88,808;77,775;62,344;0,638;255;0,801;0,118;35,062;131,325;4,242
0;95,676;94,988;61,84;0,638;255;0,699;0,094;40,8;133,875;4,282
0;76,926;59,288;59,078;0,638;255;1,058;0,843;28,688;116,663;4,193
1;90,223;70,125;68,398;0,638;255;1,022;0,233;33,788;128,137;4,14
0;91,388;78,412;63,788;0,638;255;0,859;0,208;41,438;130,05;4,331
0;79,279;59,925;58,741;0,638;255;1,031;0,686;32,513;119,85;4,21
0;81,448;65,025;58,87;0,638;255;0,985;0,64;33,15;121,762;4,203
0;82,956;66,938;59,929;0,638;255;0,983;0,586;34,425;122,4;4,254
0;87,617;71,4;61,872;0,638;255;1,032;0,654;36,975;126,225;4,159
0;86,271;67,575;61,182;0,638;255;1,088;0,785;36,975;124,95;4,144
0;88,266;77,775;73,151;0,638;255;1,084;0,379;29,962;110,288;4,077
0;88,238;75,225;60,74;0,638;255;0,898;0,365;38,887;126,862;4,306
0;87,895;77,775;60,258;0,638;255;0,792;0,181;36,975;128,775;4,291
0;87,705;80,962;59,887;0,638;255;0,779;0,254;35,7;128,137;4,258
1;102,902;101,363;68,254;0,638;255;0,737;-0,228;41,438;137,062;4,213
0;96,592;94,35;60,89;0,638;255;0,681;0,08;43,988;134,512;4,313
0;86,426;79,688;59,639;0,638;255;0,846;0,422;34,425;126,225;4,201
0;86,855;78,412;60,336;0,638;255;0,817;0,289;35,7;126,862;4,281
0;89,802;82,875;61,389;0,638;255;0,873;0,428;36,975;128,775;4,174
0;87,488;80,962;59,211;0,638;255;0,773;0,279;36,975;126,862;4,291
0;96,085;90,525;60,353;0,638;255;0,624;-0,004;47,175;135,788;4,363
0;91,431;90,525;60,002;0,638;255;0,689;0,114;37,612;131,325;4,256
0;89,264;87,338;58,57;0,638;255;0,755;0,316;37,612;128,775;4,209
0;93,051;84,15;62,865;0,638;255;0,779;0,17;42,075;132,6;4,313
0;107,161;105,188;64,4;0,638;255;0,555;-0,185;54,188;145,35;4,339
0;99,885;100,725;61,204;0,638;255;0,646;0,09;46,538;136,425;4,293
0;105,741;108,375;61,734;0,638;255;0,565;0,034;52,912;139,612;4,292
0;97,749;98,175;61,014;0,638;255;0,65;0,102;44,625;135,15;4,301
0;101,316;103,275;61,071;0,638;255;0,657;0,154;48,45;135,788;4,28
0;98,373;98,175;60,593;0,638;255;0,661;0,08;45,262;135,15;4,306
0;95,404;93,712;60,35;0,638;255;0,723;0,207;43,35;131,962;4,291
0;95,286;94,988;61,151;0,638;255;0,708;0,146;41,438;132,6;4,284
0;106,478;101,363;65,711;0,638;255;0,581;-0,241;53,55;146,625;4,356
0;98,107;89,887;66,08;0,638;255;0,741;-0,047;43,988;138,338;4,314
0;104,215;102;65,194;0,638;255;0,668;-0,06;49,725;141,525;4,283
0;95,341;88,612;64,276;0,638;255;0,89;0,278;40,162;131,962;4,149
0;93,275;86,7;61,771;0,638;255;0,795;0,199;40,8;131,962;4,287
0;98,012;97,538;63,011;0,638;255;0,828;0,285;42,713;133,237;4,152
0;75,525;54,188;57,896;0,638;255;1,151;1,053;30,6;114,75;4,161
0;88,539;75,862;60,06;0,638;255;0,85;0,323;40,8;127,5;4,318
0;81,484;65,025;59,305;0,638;255;0,992;0,613;34,425;120,488;4,263
0;75,525;54,188;57,896;0,638;255;1,151;1,053;30,6;114,75;4,161
0;83,986;67,575;60,157;0,638;255;0,954;0,477;35,7;123,675;4,279
0;85,94;74,587;59,278;0,638;255;0,846;0,326;39,525;123,675;4,332
0;83,006;65,663;59,813;0,638;255;0,989;0,578;35,062;122,4;4,246
0;85,074;71,4;59,892;0,638;255;0,883;0,438;35,062;126,862;4,212
0;86,769;81,6;62,689;0,638;255;0,808;0,232;31,238;126,225;4,25
0;87,368;77,775;59,838;0,638;255;0,857;0,329;36,338;126,225;4,278
0;81,147;65,025;58,111;0,638;255;0,98;0,581;34,425;119,85;4,266
0;89,309;79,05;60,861;0,638;255;0,854;0,273;38,887;127,5;4,321
0;84,063;72,675;58,351;0,638;255;0,896;0,451;35,062;123,038;4,268
0;96,337;86,7;63,641;0,638;255;0,742;0,022;45,9;135,15;4,366
0;90,281;85,425;58,489;0,638;255;0,775;0,277;40,162;128,137;4,293
0;84,399;70,125;60,027;0,638;255;0,951;0,467;36,338;121,762;4,308
1;84,501;65,025;63,04;0,638;255;1,001;0,321;35,062;122,4;4,312
1;93,195;67,575;65,233;0,638;255;1,02;0,117;40,8;133,875;4,162
0;77,976;58,65;58,544;0,638;255;1,154;0,981;32,513;114,75;4,211
0;83,939;70,762;58,11;0,638;255;0,946;0,567;36,975;121,125;4,282
0;77,232;58,65;57,765;0,638;255;1,164;1,035;33,15;112,838;4,223
1;113,458;102;62,871;0,638;255;0,79;-0,057;65,663;146,625;4,271
0;78,53;58,65;59,739;0,638;255;1,151;0,889;32,513;114,75;4,233
0;108,112;115,388;63,346;0,638;255;0,528;-0,088;50,363;138,338;4,204
0;104,523;109,65;60,776;0,638;255;0,525;-0,064;49,725;138,975;4,301
0;100,939;104,55;60,314;0,638;255;0,592;0,027;46,538;135,788;4,297
0;111,883;115,388;57,971;0,638;255;0,537;0,274;67,575;140,888;4,245
0;109,361;112,2;58,919;0,638;255;0,527;0,16;62,475;140,888;4,289
0;112,988;115,388;59,425;0,638;255;0,496;0,086;67,575;143,438;4,296
0;118,014;120,488;59,188;0,638;255;0,495;0,157;76,5;144,712;4,233
0;115,054;123,038;57,952;0,638;255;0,475;0,118;65,025;144,075;4,153
0;112,134;115,388;58,607;0,638;255;0,508;0,161;66,3;142,8;4,273
0;109,349;113,475;60,46;0,638;255;0,527;0,053;58,65;140,888;4,279
0;110,602;113,475;61,201;0,638;255;0,529;0,018;60,562;141,525;4,291
0;116,319;119,85;61,764;0,638;255;0,539;0,032;67,575;144,075;4,193
0;80,06;63,112;59,724;0,638;255;1,067;0,779;34,425;116,663;4,264
0;73,982;52,912;57,993;0,638;255;1,105;0,769;29,325;112,838;4,217
0;73,961;51;56,821;0,638;255;1,102;0,831;29,325;114,75;4,149
0;82,571;68,212;58,768;0,638;255;0,775;-0,002;33,788;124,95;4,327
0;78,46;59,925;59,34;0,638;255;1,017;0,552;31,875;117,3;4,269
0;72,132;51;57,833;0,638;255;1,181;0,994;28,05;109,65;4,192
0;102,476;107,738;59,967;0,638;255;0,528;0,046;49,088;137,062;4,291
0;110,871;106,462;63,601;0,638;255;0,469;-0,301;62,475;150,45;4,397
0;107,281;110,925;59,403;0,638;255;0,494;0,076;58,012;139,612;4,306
0;108,492;105,188;63,994;0,638;255;0,509;-0,238;58,012;147,263;4,375
0;114,205;117,3;59,893;0,638;255;0,391;-0,093;66,938;147,263;4,332
0;108,744;107,1;62,041;0,638;255;0,557;-0,027;59,925;144,712;4,329
0;88,12;84,15;57,497;0,638;255;0,769;0,379;38,25;126,225;4,256
0;94,936;93,712;60,032;0,638;255;0,782;0,328;42,075;130,688;4,24
0;100,785;92,438;65,749;0,638;255;0,766;0,039;48,45;137,7;4,305
0;100,314;100,088;59,478;0,638;255;0,719;0,294;50,363;133,237;4,291
0;113,215;113,475;62,25;0,638;255;0,35;-0,31;64,388;152,362;4,386
0;108,399;115,388;58,238;0,638;255;0,443;0,051;58,012;140,888;4,266
0;94,5;99,45;60,406;0,638;255;0,578;0,048;38,887;131,962;4,278
0;118,735;122,4;60,586;0,638;255;0,57;0,188;74,587;142,8;4,099
0;105,326;108,375;56,746;0,638;255;0,597;0,37;58,65;136,425;4,264
0;96,666;98,175;62,607;0,638;255;0,607;-0,128;39,525;136,425;4,296
0;106,137;109,65;55,828;0,638;255;0,569;0,399;61,2;137,062;4,262
0;105,686;109,012;58,009;0,638;255;0,599;0,278;57,375;137,062;4,267
0;111,979;117,938;61,669;0,638;255;0,557;0,084;59,288;140,888;4,163
0;102,724;106,462;60,859;0,638;255;0,524;-0,073;48,45;138,975;4,315
0;123,53;118,575;58,111;0,638;255;0,824;0,468;88,612;139,612;4,051
0;112,284;116,025;58,748;0,638;255;0,469;0,049;65,025;144,075;4,293
0;115,965;116,025;58,062;0,638;255;0,641;0,327;74,587;140,888;4,23
0;116,199;117,938;56,778;0,638;255;0,492;0,238;75,225;144,712;4,272
0;110,696;114,75;60,06;0,638;255;0,502;0,049;61,2;140,888;4,282
0;110,903;114,75;59,347;0,638;255;0,514;0,076;62,475;141,525;4,285
0;113,124;116,663;59,145;0,638;255;0,469;0,043;65,663;144,075;4,29
0;100,581;104,55;61,384;0,638;255;0,536;-0,099;44,625;137,7;4,31
0;107,964;111,562;60,021;0,638;255;0,506;0,007;57,375;141,525;4,312
1;114,678;114,75;66,607;0,638;255;0,586;-0,315;57,375;144,075;4,23
0;104,861;111,562;58,741;0,638;255;0,488;0,047;51,638;138,338;4,263
0;115,568;119,85;57,657;0,638;255;0,451;0,227;73,312;143,438;4,245
0;115,913;120,488;57,218;0,638;255;0,415;0,187;73,95;144,075;4,255
0;97,071;99,45;57,992;0,638;255;0,739;0,428;45,262;132,6;4,181
0;86,909;75,225;60,534;0,638;255;0,876;0,369;36,338;126,862;4,267
0;113,059;101,363;73,255;0,638;255;0,479;-0,788;52,912;163,2;4,414
0;104,379;107,738;58,206;0,638;255;0,642;0,408;56,1;135,15;4,23
0;104,161;111,562;58,513;0,638;255;0,716;0,343;48,45;135,788;4,066
0;108,882;117,3;56,969;0,638;255;0,648;0,372;55,462;138,338;4,071
0;95,193;93,712;59,914;0,638;255;0,715;0,248;43,35;131,962;4,286
0;95,586;96,9;57,616;0,638;255;0,762;0,318;42,713;132,6;4,099
0;91,28;86,7;59,221;0,638;255;0,733;0,216;40,8;129,412;4,312
0;86,721;81,6;57,741;0,638;255;0,78;0,401;36,975;125,587;4,262
0;92,94;93,712;58,624;0,638;255;0,796;0,47;41,438;128,775;4,204
0;102,631;96,262;62,977;0,638;255;0,588;-0,154;52,912;142,8;4,389
0;93,234;89,25;59,868;0,638;255;0,679;0,077;42,075;131,962;4,336
0;131,775;126,225;73,815;0,638;255;0,176;-1,025;72,038;188,062;4,401
0;119,86;116,663;61,122;0,638;255;0,579;0;76,5;147,9;4,267
0;113,271;110,288;61,535;0,638;255;0,78;0,239;67,575;137,062;4,213
0;118,906;114,75;59,55;0,638;255;0,666;0,177;77,138;145,35;4,242
0;111,111;109,65;62,657;0,638;255;0,626;-0,002;61,838;142,162;4,298
0;100,944;100,725;65,809;0,638;255;0,662;-0,127;42,713;138,975;4,276
0;83,411;70,125;59,536;0,638;255;0,977;0,624;37,612;118,575;4,301
0;76,133;54,825;59,021;0,638;255;1,133;0,864;30,6;114,75;4,208
0;78,05;56,738;60,495;0,638;255;1,068;0,641;30,6;118,575;4,225
0;75,146;51;58,666;0,638;255;1,14;0,878;29,962;116,663;4,147
0;74,356;51,638;57,185;0,638;255;1,287;1,472;31,875;113,475;4,084
0;76,289;54,825;59,624;0,638;255;1,099;0,761;29,962;116,025;4,214
0;75,28;54,825;58,202;0,638;255;1,112;0,875;29,962;114,75;4,203
0;75,43;54,825;57,436;0,638;255;1,11;0,936;30,6;115,388;4,175
0;77,581;56,738;59,917;0,638;255;1,086;0,704;31,238;117,3;4,23
0;80,572;63,112;58,153;0,638;255;0,964;0,568;33,15;121,762;4,213
0;81,791;65,025;59,702;0,638;255;0,979;0,521;33,788;121,125;4,268
0;81,991;62,475;57,938;0,638;255;1,084;0,932;36,338;121,762;4,149
0;82,129;66,3;59,092;0,638;255;0,945;0,501;33,788;122,4;4,246
0;120,718;118,575;56,855;0,638;255;0,679;0,412;83,512;142,8;4,185
0;119,121;117,938;59,921;0,638;255;0,564;0,092;77,138;145,35;4,26
0;118,052;116,025;56,216;0,638;255;0,699;0,565;81,6;141,525;4,188
0;117,698;117,938;56,692;0,638;255;0,608;0,477;80,962;142,162;4,198
0;86,075;66,3;63,169;0,638;255;1,002;0,492;34,425;127,5;4,145
0;91,592;87,975;63,761;0,638;255;0,791;0,162;35,7;130,05;4,26
0;87,031;76,5;63,02;0,638;255;0,844;0,202;32,513;128,137;4,24
0;88,016;78,412;63,066;0,638;255;0,846;0,232;34,425;128,137;4,272
0;86,979;76,5;62,287;0,638;255;0,842;0,233;33,788;127,5;4,27
0;87,037;73,312;63,441;0,638;255;0,864;0,178;34,425;128,137;4,302
0;101,221;100,725;63,737;0,638;255;0,637;-0,059;45,9;138,338;4,31
0;86,713;76,5;62,352;0,638;255;0,847;0,255;33,15;127,5;4,249
0;85,865;74,587;62,502;0,638;255;0,894;0,349;33,15;125,587;4,255
0;89,194;73,312;64,528;0,638;255;0,898;0,237;37,612;129,412;4,293
0;87,056;75,225;62,351;0,638;255;0,838;0,191;33,788;128,775;4,241
0;95,697;86,062;64,907;0,638;255;0,748;0,003;43,35;135,788;4,338
0;92,027;80,962;63,071;0,638;255;0,889;0,31;38,887;130,688;4,224
0;83,798;69,488;61,797;0,638;255;0,95;0,485;31,875;124,312;4,2
0;87,784;83,512;62,734;0,638;255;0,837;0,331;33,15;125,587;4,251
0;83,567;60,562;59,164;0,638;255;1,009;0,56;34,425;126,862;4,011
0;95,131;93,075;63,147;0,638;255;0,732;0,09;39,525;133,237;4,284
0;93,645;81,6;66,184;0,638;255;0,835;0,088;40,162;133,237;4,304
0;88,282;78,412;61,051;0,638;255;0,759;0,061;35,062;130,688;4,261
0;83,19;70,125;59,158;0,638;255;0,848;0,321;33,15;124,312;4,256
0;90,191;86,062;60,818;0,638;255;0,736;0,115;36,338;130,688;4,251
0;86,727;77,775;60,334;0,638;255;0,785;0,175;34,425;128,137;4,257
0;87,606;79,688;60,262;0,638;255;0,771;0,143;34,425;129,412;4,226
0;88,897;80,325;61,379;0,638;255;0,73;0,005;35,7;131,325;4,29
0;94,457;84,788;64,537;0,638;255;0,758;0,029;42,075;135,15;4,331
0;103,344;103,912;59,924;0,638;255;0,633;0,12;52,275;137,7;4,302
0;104,067;100,088;65,615;0,638;255;0,61;-0,185;50,363;143,438;4,343
0;94,462;93,712;60,796;0,638;255;0,671;0,093;40,8;132,6;4,301
0;101,839;102,638;61,686;0,638;255;0,698;0,171;48,45;134,512;4,283
0;105,107;103,912;61,441;0,638;255;0,638;0,089;55,462;138,338;4,327
0;103,878;98,812;65,848;0,638;255;0,604;-0,223;49,725;144,075;4,356
0;99,464;100,725;59,875;0,638;255;0,636;0,157;47,175;133,875;4,304
0;97,802;98,175;62,758;0,638;255;0,654;-0,01;41,438;135,15;4,3
0;107,905;103,912;67,23;0,638;255;0,573;-0,297;52,275;147,263;4,327
0;107,881;110,288;59,541;0,638;255;0,551;0,101;59,288;140,25;4,307
0;107,45;101,363;65,159;0,638;255;0,492;-0,395;55,462;149,812;4,414
0;104,165;104,55;60,674;0,638;255;0,604;0,079;53,55;137,7;4,327
0;105,024;102,638;67,095;0,638;255;0,633;-0,191;48,45;143,438;4,292
0;125,065;124,312;52,07;0,638;255;0,616;0,876;97,538;144,075;4,097
0;119,147;121,125;56,255;0,638;255;0,522;0,448;83,512;143,438;4,19
0;133,167;128,775;54,732;0,638;255;0,732;0,668;107,738;144,075;3,869
0;85,153;80,962;57,401;0,638;255;0,932;0,847;36,975;119,212;4,243
0;89,358;84,788;57,969;0,638;255;0,931;0,818;42,075;121,762;4,263
0;88,684;83,512;60,385;0,638;255;0,762;0,187;35,7;128,137;4,266
0;92,525;87,975;62,955;0,638;255;0,767;0,114;37,612;131,325;4,281
0;100,312;100,088;62,72;0,638;255;0,59;-0,128;45,262;138,975;4,343
0;112,556;114,75;57,933;0,638;255;0,577;0,341;70,125;140,25;4,236
0;92,044;89,25;61,981;0,638;255;0,721;0,063;36,975;131,962;4,28
0;83,836;67,575;61,597;0,638;255;0,933;0,382;32,513;124,95;4,247
0;117,687;116,025;55,189;0,638;255;0,67;0,479;79,688;142,8;4,242
0;105,99;107,738;63,473;0,638;255;0,603;-0,076;49,725;139,612;4,296
0;111;111,562;62,095;0,638;255;0,558;-0,035;60,562;142,8;4,308
0;103,359;105,825;63,484;0,638;255;0,617;-0,063;46,538;137,7;4,3
0;96,793;96,262;61,221;0,638;255;0,702;0,132;43,35;133,237;4,299
0;106,97;107,738;62,818;0,638;255;0,604;0,003;54,188;138,975;4,305
0;109,474;108,375;61,071;0,638;255;0,624;0,078;61,2;140,25;4,313
0;105,585;112,838;61,264;0,638;255;0,634;0,055;46,538;137,062;4,125
0;104,538;108,375;67,6;0,638;255;0,684;-0,083;42,713;135,788;4,149
0;100,654;99,45;62,886;0,638;255;0,65;-0,076;45,9;137,7;4,339
0;109,05;110,925;60,714;0,638;255;0,611;0,152;59,288;138,338;4,268
0;108,326;109,65;63,791;0,638;255;0,59;-0,093;53,55;140,25;4,296
0;97,653;94,35;63,513;0,638;255;0,717;0,029;43,35;133,875;4,328
0;96,576;96,262;62,519;0,638;255;0,676;0,026;41,438;134,512;4,3
0;99,312;96,262;62,171;0,638;255;0,652;-0,038;46,538;137,7;4,345
0;102,71;102,638;64,577;0,638;255;0,632;-0,164;45,262;139,612;4,305
0;89,887;87,338;62,093;0,638;255;0,768;0,211;35,062;127,5;4,284
0;120,363;121,762;59,155;0,638;255;0,479;0,066;78,412;147,263;4,251
0;99,919;98,175;62,185;0,638;255;0,587;-0,138;46,538;138,975;4,364
0;114,872;116,025;57,401;0,638;255;0,531;0,236;73,312;142,8;4,277
0;123,984;126,862;58,462;0,638;255;0,43;0,252;89,25;145,988;4,105
0;124,369;127,5;58,797;0,638;255;0,447;0,257;89,887;145,35;4,074
0;127,115;129,412;53,851;0,638;255;0,306;0,458;99,45;149,812;4,18
0;118,44;121,762;57,963;0,638;255;0,407;0,315;84,15;142,162;4,192
0;118,515;124,312;59,837;0,638;255;0,314;-0,056;73,312;147,9;4,256
0;119,905;124,312;60,419;0,638;255;0,356;-0,026;77,138;147,9;4,243
0;129,9;129,412;54,359;0,638;255;0,389;0,487;103,275;150,45;4,144
0;119,308;123,675;59,014;0,638;255;0,343;0,105;80,325;145,988;4,231
0;123,113;126,225;55,763;0,638;255;0,336;0,348;92,438;146,625;4,195
0;123,055;126,862;58,92;0,638;255;0,425;0,232;86,7;145,988;4,098
0;121,012;124,95;58,313;0,638;255;0,357;0,181;84,788;145,988;4,203
0;118,515;124,312;59,837;0,638;255;0,314;-0,056;73,312;147,9;4,256
0;117,888;123,038;59,693;0,638;255;0,338;-0,009;73,95;146,625;4,26
0;120,972;124,95;59,787;0,638;255;0,291;-0,021;80,962;149,812;4,262
0;112,11;118,575;63,9;0,638;255;0,559;-0,007;56,738;140,888;4,131
0;105,536;108,375;63,846;0,638;255;0,561;-0,135;49,088;140,888;4,296
0;134,598;127,5;69,303;0,638;255;0,353;-0,639;87,975;166,388;4,103
0;106,231;111,562;64,988;0,638;255;0,607;-0,065;47,175;138,975;4,189
0;108,13;114,75;65,261;0,638;255;0,598;-0,095;47,812;139,612;4,148
0;87,73;75,862;61,292;0,638;255;0,826;0,194;35,7;128,775;4,27
0;123,516;131,325;54,81;0,638;255;0,341;0,312;87,975;147,263;4,095
0;131,188;128,775;58,875;0,638;255;0,518;0,235;101,363;147,9;4,014
0;134,703;130,05;49,148;0,638;255;0,71;1,194;110,925;148,538;3,965
0;131,036;128,137;53,688;0,638;255;0,54;0,621;103,912;149,175;4,094
1;129,426;132,6;63,819;0,638;255;0,193;-0,41;84,788;161,288;4,287
1;139,569;139,612;61,858;0,638;255;0,119;-0,397;101,363;171,487;4,264
0;113,816;120,488;60,553;0,638;255;0,319;-0,152;63,75;145,988;4,297
1;131,212;132,6;63,664;0,638;255;0,221;-0,418;86,7;163,2;4,269
0;136,347;131,325;54,595;0,638;255;0,633;0,607;110,925;147,9;3,889
1;137,232;138,975;60,063;0,638;255;0,033;-0,422;98,175;174,038;4,36
0;133,592;130,05;53,022;0,638;255;0,547;0,656;106,462;151,088;4,066
1;133,12;135,15;61,577;0,638;255;0,177;-0,36;91,8;164,475;4,303
0;75,14;55,462;56,023;0,638;255;1,078;0,921;30,6;114,75;4,162
0;96,051;82,875;67,537;0,638;255;0,747;-0,229;42,075;137,062;4,404
0;77,907;60,562;59,247;0,638;255;1,032;0,61;31,238;115,388;4,274
0;77,103;58,012;57,567;0,638;255;1,062;0,837;30,6;116,663;4,179
0;87,239;75,225;60,501;0,638;255;0,806;0,145;37,612;127,5;4,34
0;77,748;54,825;58,12;0,638;255;1,218;1,224;33,15;117,938;4,094
0;83,555;67,575;61,773;0,638;255;1,051;0,713;36,338;119,85;4,262
0;80,591;60,562;58,277;0,638;255;0,968;0,529;32,513;123,038;4,163
0;86,423;72,675;60,762;0,638;255;0,907;0,383;36,975;125,587;4,293
0;84,899;68,85;59,86;0,638;255;0,9;0,385;34,425;126,862;4,186
0;85,707;73,95;59,043;0,638;255;0,91;0,508;36,975;124,312;4,25
0;85,951;72,038;60,508;0,638;255;0,879;0,312;36,338;126,225;4,285
0;86,745;73,95;60,65;0,638;255;0,835;0,223;36,338;128,137;4,28
0;90,693;82,238;61,287;0,638;255;0,741;0,062;38,887;131,325;4,327
0;95,434;92,438;59,027;0,638;255;0,719;0,237;45,262;131,962;4,312
0;93,922;88,612;61,777;0,638;255;0,751;0,108;41,438;132,6;4,316
0;89,882;83,512;61,446;0,638;255;0,768;0,14;36,338;130,05;4,266
0;103,591;99,45;63,294;0,638;255;0,51;-0,273;52,275;145,35;4,396
0;94,261;93,712;61,65;0,638;255;0,7;0,082;39,525;132,6;4,274
0;97,002;95,625;61,652;0,638;255;0,692;0,091;43,35;133,875;4,308
0;101,547;110,288;62,105;0,638;255;0,511;-0,106;42,713;138,338;4,232
0;106,428;116,025;61,769;0,638;255;0,437;-0,156;47,175;140,888;4,228
0;107,302;114,112;61,827;0,638;255;0,462;-0,093;51,638;141,525;4,273
0;107,093;114,112;60,838;0,638;255;0,43;-0,099;52,275;142,162;4,284
0;108,731;113,475;62,142;0,638;255;0,433;-0,188;54,188;144,712;4,313
0;109,139;115,388;59,31;0,638;255;0,441;0,175;61,2;138,975;4,234
0;104,465;109,65;63,189;0,638;255;0,479;-0,231;46,538;142,162;4,31
0;111;114,112;62,045;0,638;255;0,488;-0,082;58,65;143,438;4,298
0;108,335;114,112;62,464;0,638;255;0,422;-0,223;52,275;144,075;4,316
0;103,54;106,462;64,014;0,638;255;0,557;-0,208;45,262;140,888;4,312
0;107,948;116,663;61,228;0,638;255;0,447;-0,071;51,638;141,525;4,232
0;106,924;115,388;59,487;0,638;255;0,446;0,004;52,275;140,888;4,234
0;103,579;111,562;61,284;0,638;255;0,469;-0,084;46,538;139,612;4,253
0;110,355;116,025;60,939;0,638;255;0,444;-0,04;58,012;142,8;4,269
1;119,313;120,488;61,544;0,638;255;0,464;-0,204;69,488;153;4,281
0;106,232;106,462;61,57;0,638;255;0,63;0,085;55,462;138,975;4,305
0;104,312;107,738;60,796;0,638;255;0,699;0,274;51,638;136,425;4,209
1;120,513;113,475;66,447;0,638;255;0,429;-0,53;70,762;161,288;4,384
0;111,106;118,575;58,994;0,638;255;0,437;0,072;59,925;142,8;4,216
0;116,957;114,75;64,676;0,638;255;0,435;-0,302;67,575;153,638;4,329
0;109,211;114,112;58,78;0,638;255;0,49;0,141;59,925;140,888;4,255
0;105,551;110,925;60,559;0,638;255;0,546;0,073;52,275;138,338;4,258
0;116,894;122,4;57,897;0,638;255;0,426;0,198;73,312;145,35;4,194
0;108,361;116,025;59,383;0,638;255;0,581;0,266;56,738;138,338;4,152
0;105,905;109,65;61,775;0,638;255;0,537;-0,057;51,638;140,888;4,302
0;123,977;124,95;56,75;0,638;255;0,424;0,275;89,25;150,45;4,21
0;68,615;47,175;57,165;0,638;255;1,433;1,733;28,05;99,45;4,12
0;69,621;49,088;56,691;0,638;255;1,354;1,607;28,05;103,275;4,136
0;65,343;42,075;57,463;0,638;255;1,5;2,009;24,862;98,175;4,066
0;80,576;59,925;62,094;0,638;255;0,993;0,444;30,6;122,4;4,235
0;86,658;72,038;61,81;0,638;255;0,832;0,14;33,788;130,05;4,234
0;95,085;92,438;62,549;0,638;255;0,705;-0,012;39,525;135,15;4,276
0;91,579;77,775;64,787;0,638;255;0,811;0,034;40,162;132,6;4,35
0;83,691;65,663;61,84;0,638;255;0,92;0,324;32,513;126,225;4,24
0;91,444;75,862;66,669;0,638;255;0,856;0,064;38,25;132,6;4,307
0;85,449;69,488;61,485;0,638;255;0,863;0,212;33,788;128,137;4,258
0;90,83;82,875;62,571;0,638;255;0,777;0,08;36,975;131,325;4,287
0;87,629;76,5;61,104;0,638;255;0,793;0,13;35,7;129,412;4,287
0;93,051;86,7;62,971;0,638;255;0,727;-0,033;38,25;133,875;4,298
0;82,551;64,388;60,592;0,638;255;0,901;0,308;31,875;125,587;4,217
0;109,628;114,75;59,478;0,638;255;0,489;0,098;59,925;141,525;4,259
0;118,421;121,762;64,873;0,638;255;0,511;-0,16;66,3;145,35;4,153
0;111,807;119,85;60,103;0,638;255;0,515;0,022;57,375;142,162;4,177
0;108,108;106,462;67,01;0,638;255;0,548;-0,304;51,638;147,263;4,317
0;111,105;110,925;64,978;0,638;255;0,48;-0,275;57,375;149,175;4,335
0;123,707;121,125;63,963;0,638;255;0,37;-0,339;78,412;160,012;4,312
0;111,515;110,925;64,784;0,638;255;0,434;-0,319;58,65;150,45;4,355
0;121,644;122,4;50,095;0,638;255;0,76;1,27;94,35;140,25;4,031
0;119,059;116,663;53,983;0,638;255;0,729;0,743;85,425;141,525;4,177
0;94,102;81,6;66,583;0,638;255;0,836;0,083;40,8;133,875;4,299
0;84,817;64,388;63,503;0,638;255;1,038;0,581;33,15;126,225;4,124
0;118,588;110,288;72,179;0,638;255;0,36;-0,854;59,925;169,575;4,445
1;87,66;66,938;66,346;0,638;255;0,896;0,045;33,15;131,325;4,288
0;85,444;70,762;61,75;0,638;255;0,871;0,252;33,788;127,5;4,256
0;91,371;77,775;65,112;0,638;255;0,859;0,155;39,525;131,325;4,318
0;90,039;79,05;62,287;0,638;255;0,778;0,137;38,887;131,325;4,317
0;116,33;114,112;58,404;0,638;255;0,617;0,237;75,862;143,438;4,285
0;117,117;117,938;57,511;0,638;255;0,543;0,224;76,5;143,438;4,272
0;113,538;112,2;59,571;0,638;255;0,648;0,229;69,488;140,25;4,272
0;114,467;115,388;58,047;0,638;255;0,584;0,244;72,038;140,888;4,268
0;123,461;121,125;56,919;0,638;255;0,531;0,249;87,975;147,9;4,244
0;111,95;114,112;57,198;0,638;255;0,575;0,327;69,488;138,975;4,261
0;114,558;111,562;55,337;0,638;255;0,79;0,652;76,5;138,338;4,22
0;112,933;112,838;59,09;0,638;255;0,535;0,092;68,212;142,8;4,321
0;114,737;115,388;56,471;0,638;255;0,615;0,382;74,587;140,25;4,255
0;118,802;119,85;60,375;0,638;255;0,645;0,239;76,5;140,888;4,128
0;106,262;104,55;61,55;0,638;255;0,545;-0,076;56,738;144,075;4,355
0;101,103;100,088;60,537;0,638;255;0,558;-0,085;49,725;138,975;4,367
1;113,089;106,462;66,91;0,638;255;0,445;-0,546;60,562;156,825;4,43
0;100,672;103,912;58,298;0,638;255;0,608;0,182;49,725;135,15;4,277
0;101,103;100,088;60,537;0,638;255;0,558;-0,085;49,725;138,975;4,367
0;104,321;106,462;58,712;0,638;255;0,554;0,105;55,462;138,338;4,322
1;109,53;110,925;70,103;0,638;255;0,405;-0,775;40,8;156,188;4,337
0;94,841;97,538;58,85;0,638;255;0,692;0,31;42,713;130,05;4,261
0;96,116;100,088;59,465;0,638;255;0,631;0,182;42,075;131,962;4,265
0;98,243;103,275;60,188;0,638;255;0,626;0,137;43,35;133,875;4,248
0;126,108;125,587;55,54;0,638;255;0,641;0,687;98,812;141,525;3,978
0;121,32;121,125;53,265;0,638;255;0,573;0,681;91,162;142,8;4,184
0;104,495;107,738;61,935;0,638;255;0,564;-0,061;49,725;140,25;4,297
0;112,769;123,038;58,394;0,638;255;0,494;0,061;57,375;142,8;4,102
0;107,076;114,112;62,459;0,638;255;0,621;0,111;50,363;138,338;4,144
0;117,001;115,388;65,42;0,638;255;0,405;-0,38;66,3;155,55;4,342
0;114,184;112,838;64,19;0,638;255;0,416;-0,323;64,388;153;4,361
1;119,602;119,85;67,188;0,638;255;0,414;-0,488;63,75;155,55;4,312
0;110,104;117,3;63,219;0,638;255;0,604;0,045;52,912;139,612;4,113
0;103,542;104,55;63,049;0,638;255;0,653;0,002;48,45;137,062;4,301
0;101,326;103,912;61,637;0,638;255;0,646;0,097;47,175;135,15;4,285
0;105,948;108,375;60,726;0,638;255;0,625;0,127;54,188;137,7;4,279
0;109,544;111,562;63,039;0,638;255;0,592;-0,091;54,825;142,162;4,279
0;109,239;113,475;60,366;0,638;255;0,587;0,114;58,012;138,975;4,251
0;101,85;103,912;61,68;0,638;255;0,604;-0,017;47,175;137,7;4,308
0;100,568;100,725;63,238;0,638;255;0,668;-0,016;44,625;136,425;4,303
1;141,014;135,788;60,379;0,638;255;0,272;-0,436;100,088;175,312;4,249
0;95,874;96,9;59,65;0,638;255;0,719;0,26;42,713;131,962;4,247
1;106,034;108,375;61,12;0,638;255;0,52;-0,224;51;142,8;4,327
0;95,874;96,9;59,65;0,638;255;0,719;0,26;42,713;131,962;4,247
0;86,79;73,95;60,767;0,638;255;0,816;0,224;35,062;129,412;4,233
0;87,777;78,412;61,925;0,638;255;0,775;0,139;33,788;130,688;4,214
0;92,371;82,238;65,63;0,638;255;0,742;-0,108;36,338;135,788;4,309
0;86,272;67,575;64,487;0,638;255;0,908;0,189;33,15;128,775;4,263
0;84,306;63,75;62,98;0,638;255;0,884;0,171;31,875;129,412;4,225
0;80,769;58,012;62,506;0,638;255;0,99;0,472;29,962;124,312;4,17
1;135,201;125,587;83,234;0,638;255;0,131;-1,321;62,475;214,838;4,201
0;88,408;73,312;65,605;0,638;255;0,833;0,052;31,875;131,962;4,209
0;84,837;64,388;63,563;0,638;255;0,893;0,175;32,513;129,412;4,242
1;89,046;70,762;67,183;0,638;255;0,796;-0,157;32,513;135,15;4,306
0;81,192;57,375;64,896;0,638;255;1,053;0,477;29,962;123,675;4,202
0;81,736;61,838;62,113;0,638;255;1,007;0,542;31,875;123,038;4,222
0;88,918;74,587;65,125;0,638;255;0,819;0,036;33,15;132,6;4,223
0;80,443;60,562;61,63;0,638;255;0,969;0,458;30,6;123,038;4,223
0;85,056;68,212;63,307;0,638;255;0,979;0,428;35,7;124,312;4,284
0;92,154;82,875;64,723;0,638;255;0,751;-0,05;36,338;135,15;4,292
0;85,648;68,85;62,001;0,638;255;0,858;0,225;32,513;130,05;4,147
0;85,487;67,575;62,281;0,638;255;0,84;0,156;33,15;130,05;4,207
0;116,834;105,188;75,666;0,638;255;0,413;-0,929;54,188;171,487;4,406
0;83,923;68,85;60,967;0,638;255;0,931;0,452;33,788;124,312;4,256
0;97,619;100,725;61,521;0,638;255;0,655;0,11;42,075;135,788;4,206
0;85,386;68,85;62,867;0,638;255;0,89;0,248;33,15;127,5;4,265
0;83,138;65,025;61,651;0,638;255;0,923;0,351;32,513;125,587;4,242
0;80,672;60,562;60,628;0,638;255;0,981;0,477;31,875;123,038;4,232
0;82,68;54,825;59,559;0,638;255;1,036;0,585;34,425;128,137;3,993
0;89,622;79,688;61,998;0,638;255;0,807;0,161;35,7;131,962;4,202
0;88,313;74,587;62,457;0,638;255;0,832;0,144;35,7;130,688;4,254
0;97,619;100,725;61,521;0,638;255;0,655;0,11;42,075;135,788;4,206
0;88,55;74,587;62,896;0,638;255;0,858;0,215;38,25;128,775;4,323
0;84,031;66,938;61,506;0,638;255;0,886;0,285;33,15;126,862;4,234
0;92,696;80,962;63,614;0,638;255;0,783;0,052;42,075;133,237;4,355
0;76,644;54,188;59,63;0,638;255;1,022;0,562;28,688;119,85;4,193
0;99,084;98,175;60,881;0,638;255;0,698;0,13;46,538;134,512;4,306
1;126,308;123,675;70,13;0,638;255;0,207;-1,011;63,75;179,775;4,469
1;131,213;129,412;68,43;0,638;255;0,262;-0,978;67,575;177,225;4,365
0;105,035;100,088;68,374;0,638;255;0,67;-0,223;47,812;142,8;4,29
1;115,244;116,025;66,912;0,638;255;0,562;-0,419;54,825;145,35;4,247
0;97,021;96,9;61,107;0,638;255;0,707;0,144;43,35;132,6;4,298
0;102,243;101,363;62,305;0,638;255;0,664;-0,007;47,812;137,7;4,315
0;99,882;96,262;63,472;0,638;255;0,697;-0,038;45,262;136,425;4,338
0;95,416;89,887;61,741;0,638;255;0,666;-0,106;42,075;135,788;4,347
0;96,247;93,075;62,993;0,638;255;0,647;-0,153;40,8;137,062;4,329
0;90,021;84,788;59,68;0,638;255;0,676;-0,031;37,612;131,325;4,289
1;106,906;104,55;67,42;0,638;255;0,533;-0,597;45,262;151,725;4,333
0;90,067;82,875;60,33;0,638;255;0,845;0,405;39,525;127,5;4,277
0;91,183;82,875;61,807;0,638;255;0,95;0,56;39,525;128,137;4,158
0;95,721;95,625;59,781;0,638;255;0,767;0,316;42,713;133,237;4,182
0;92,175;84,788;61,105;0,638;255;0,816;0,267;40,8;130,688;4,28
0;91,247;83,512;61,341;0,638;255;0,936;0,561;39,525;128,137;4,142
0;84,888;66,3;56,125;0,638;255;1,162;1,089;39,525;121,762;4,066
0;90,67;80,325;60,605;0,638;255;0,807;0,223;43,35;128,137;4,358
0;81,358;63,75;56,366;0,638;255;1,137;1,087;37,612;117,938;4,187
0;81,029;65,663;58,791;0,638;255;0,963;0,517;33,788;119,212;4,291
0;94,558;88,612;64,773;0,638;255;0,82;0,13;38,25;133,237;4,211
0;99,313;98,175;64,129;0,638;255;0,66;-0,075;43,35;137,062;4,322
0;95,823;92,438;63,864;0,638;255;0,667;-0,112;40,162;135,788;4,337
0;113,277;114,75;61,867;0,638;255;0,563;0,036;64,388;143,438;4,254
0;97,548;97,538;63,618;0,638;255;0,701;0,038;40,8;134,512;4,268
0;90,932;86,062;63,183;0,638;255;0,746;0,038;35,062;131,962;4,274
0;99,276;100,088;63,602;0,638;255;0,643;-0,061;42,075;137,062;4,29
0;102,384;102;65,781;0,638;255;0,641;-0,184;43,988;140,25;4,3
0;109,689;105,825;67,026;0,638;255;0,544;-0,326;55,462;149,175;4,338
0;96,626;84,15;68,494;0,638;255;0,816;-0,041;41,438;136,425;4,284
0;98,927;100,088;63,963;0,638;255;0,679;-0,005;41,438;135,788;4,269
0;98,871;99,45;63,216;0,638;255;0,673;0,03;42,713;135,15;4,282
0;93,507;93,712;63,615;0,638;255;0,745;0,153;36,975;130,05;4,262
0;99,144;100,088;63,354;0,638;255;0,663;-0,026;42,075;136,425;4,28
0;105,933;111,562;61,18;0,638;255;0,535;0,014;51,638;139,612;4,27
0;110,409;117,3;61,221;0,638;255;0,554;0,133;56,1;139,612;4,147
0;103,514;97,538;65,592;0,638;255;0,625;-0,194;50,363;143,438;4,36
0;101,351;99,45;64,239;0,638;255;0,647;-0,13;45,9;138,975;4,339
0;100,075;101,363;63,125;0,638;255;0,68;0,048;43,988;135,15;4,276
0;102,154;109,012;60,074;0,638;255;0,646;0,018;43,988;137,7;4,103
0;96,488;93,075;63,226;0,638;255;0,69;-0,035;41,438;135,788;4,319
0;105,198;112,838;59,403;0,638;255;0,626;0,078;47,812;138,338;4,107
0;102,786;106,462;61,838;0,638;255;0,578;-0,034;47,175;138,338;4,294
0;93,409;88,612;60,954;0,638;255;0,638;-0,083;40,8;135,15;4,335
0;90,515;84,15;61,292;0,638;255;0,739;0,059;36,975;131,962;4,261
0;91,675;82,238;62,788;0,638;255;0,845;0,226;36,975;132,6;4,139
0;87,615;77,138;60,53;0,638;255;0,754;0,065;35,7;130,05;4,291
1;106,684;98,175;72,728;0,638;255;0,583;-0,609;44,625;153;4,311
0;92,258;90,525;60,547;0,638;255;0,698;0,111;38,887;131,325;4,282
0;85,193;65,025;62,483;0,638;255;0,94;0,378;33,15;128,137;4,138
0;78,206;54,825;60,317;0,638;255;0,96;0,353;29,325;123,038;4,202
0;81,693;62,475;61,002;0,638;255;0,925;0,349;31,238;124,312;4,211
0;84,984;70,762;61,978;0,638;255;0,833;0,143;31,875;127,5;4,241
0;93,813;82,875;63,328;0,638;255;0,742;-0,029;43,35;133,875;4,383
0;79,577;51;57,303;0,638;255;1,119;0,828;33,788;123,675;3,919
0;101,436;107,1;61,645;0,638;255;0,544;-0,056;44,625;137,062;4,282
0;108,041;111,562;63,515;0,638;255;0,738;0,186;52,912;134,512;4,121
0;100,719;105,825;62,032;0,638;255;0,546;-0,069;43,988;137,062;4,294
0;110,851;118,575;59,312;0,638;255;0,45;0,071;59,288;141,525;4,212
0;107,117;114,75;60,036;0,638;255;0,474;-0,003;52,912;140,25;4,249
0;116,13;119,212;58,92;0,638;255;0,42;0,05;72,038;145,988;4,284
0;103,762;108,375;61,388;0,638;255;0,513;-0,12;48,45;139,612;4,319
0;102,146;107,738;61,552;0,638;255;0,546;-0,055;45,9;137,062;4,287
0;105,154;109,012;61,447;0,638;255;0,56;0,014;51,638;138,338;4,301
0;112,089;118,575;57,939;0,638;255;0,434;0,121;64,388;141,525;4,245
0;115,913;117,3;58,724;0,638;255;0,53;0,178;72,675;143,438;4,257
0;106,034;106,462;58,724;0,638;255;0,701;0,327;58,012;135,788;4,277
0;99,752;98,812;61,798;0,638;255;0,728;0,12;45,9;133,875;4,299
1;125,442;121,762;69,063;0,638;255;0,279;-0,931;65,025;176,588;4,438
0;105,28;105,188;59,885;0,638;255;0,708;0,241;55,462;136,425;4,285
0;111,797;114,75;61,219;0,638;255;0,528;0,077;62,475;142,8;4,252
0;122,967;122,4;62,047;0,638;255;0,457;-0,079;80,325;151,088;4,224
1;131,618;130,05;65,249;0,638;255;0,182;-0,602;84,15;172,125;4,366
0;115,517;118,575;60,8;0,638;255;0,458;0,014;68,85;146,625;4,262
0;120,895;119,85;64,656;0,638;255;0,429;-0,276;72,675;153;4,273
0;117,443;119,85;62,382;0,638;255;0,471;-0,06;69,488;147,263;4,235
0;112,795;117,3;61,809;0,638;255;0,519;0,061;62,475;142,8;4,218
0;115,293;117,3;60,362;0,638;255;0,526;0,115;70,125;144,075;4,248
1;85,718;65,663;62,609;0,638;255;1,142;0,759;38,25;121,762;4,223
0;81,803;65,025;61,462;0,638;255;1,074;0,666;34,425;117,3;4,288
0;76,801;53,55;58,611;0,638;255;1,375;1,583;34,425;112,838;4,081
0;74,356;53,55;58,341;0,638;255;1,286;1,301;31,875;108,375;4,182
0;79,977;65,025;59,352;0,638;255;1,165;1,081;35,7;111,562;4,25
0;78,601;61,2;59,004;0,638;255;1,191;1,051;35,062;110,925;4,247
0;121,612;122,4;58,495;0,638;255;0,434;0,155;84,788;148,538;4,246
0;128,257;127,5;56,227;0,638;255;0,462;0,364;98,175;149,812;4,148
0;127,602;124,312;62,499;0,638;255;0,377;-0,216;86,7;159,375;4,258
0;122,398;124,312;61,131;0,638;255;0,544;0,146;82,238;142,8;4,055
0;129,136;126,225;60,908;0,638;255;0,4;-0,038;93,075;156,825;4,189
0;130,939;128,775;57,962;0,638;255;0,567;0,353;102,638;146,625;3,965
0;128,355;125,587;60,391;0,638;255;0,35;-0,114;89,887;160,012;4,267
0;128,027;125,587;55,056;0,638;255;0,5;0,425;96,9;150,45;4,179
0;123,184;124,312;58,363;0,638;255;0,561;0,424;91,162;142,8;4,052
0;127,422;126,225;59,882;0,638;255;0,552;0,23;94,988;145,35;4,019
0;124,63;124,95;55,942;0,638;255;0,452;0,398;93,075;147,9;4,182
0;127,367;126,225;54,579;0,638;255;0,498;0,537;98,175;148,538;4,149
0;98,2;99,45;62,554;0,638;255;0,659;-0,006;42,075;135,788;4,277
1;116,037;117,3;64,054;0,638;255;0,368;-0,508;61,2;154,913;4,399
0;103,874;107,738;62,563;0,638;255;0,564;-0,116;47,175;140,25;4,286
0;106,099;106,462;62,267;0,638;255;0,639;0,04;53,55;138,975;4,298
0;107,906;105,825;61,956;0,638;255;0,659;0,034;57,375;140,888;4,315
0;102,183;104,55;63,226;0,638;255;0,609;-0,108;45,9;138,975;4,296
0;109,112;112,838;59,71;0,638;255;0,599;0,123;57,375;140,25;4,243
0;112,198;116,025;61,663;0,638;255;0,514;-0,074;59,288;144,075;4,279
0;104,375;109,012;62,455;0,638;255;0,56;-0,077;47,812;139,612;4,278
0;100,479;102;62,22;0,638;255;0,587;-0,111;44,625;138,338;4,316
0;99,446;102,638;61,692;0,638;255;0,653;0,131;44,625;133,237;4,274
0;94,831;93,075;63,051;0,638;255;0,706;0,013;38,887;133,875;4,28
0;100,489;102;62,826;0,638;255;0,669;-0,003;44,625;136,425;4,274
0;109,112;112,838;59,71;0,638;255;0,599;0,123;57,375;140,25;4,243
0;123,473;123,038;56,057;0,638;255;0,559;0,455;89,887;146,625;4,167
0;123,414;122,4;55,149;0,638;255;0,612;0,579;90,525;144,712;4,137
0;122,823;121,762;56,77;0,638;255;0,601;0,433;87,975;144,712;4,155
0;121,668;121,125;56,281;0,638;255;0,606;0,478;86,7;144,075;4,162
0;115,734;116,663;56,59;0,638;255;0,546;0,278;75,225;142,8;4,273
0;91,122;82,875;62,599;0,638;255;0,854;0,291;37,612;131,325;4,179
0;97,848;96,9;61,971;0,638;255;0,632;-0,017;43,988;135,788;4,334
0;104,157;103,912;60,941;0,638;255;0,625;0,1;53,55;137,7;4,323
0;95,273;91,8;63,1;0,638;255;0,654;-0,115;39,525;136,425;4,314
0;99,106;101,363;60,662;0,638;255;0,618;0,065;45,262;135,788;4,294
0;107,045;102,638;60,661;0,638;255;0,52;-0,11;60,562;144,712;4,386
0;104,105;105,825;62,422;0,638;255;0,63;0,012;49,725;137,7;4,295
0;103,11;106,462;60,176;0,638;255;0,561;0,046;50,363;138,338;4,303
0;94,964;89,25;63,609;0,638;255;0,676;-0,118;39,525;136,425;4,334
0;97,111;88,612;63,759;0,638;255;0,716;0,004;45,9;137,062;4,349
0;78,099;61,838;57,78;0,638;255;0,975;0,662;31,238;117,938;4,226
0;86,339;72,675;60,948;0,638;255;0,841;0,206;35,7;127,5;4,301
0;81,726;60,562;55,722;0,638;255;1,019;0,73;35,7;124,312;4,029
0;93,898;91,8;60,681;0,638;255;0,677;0,036;40,162;133,237;4,307
0;86,621;76,5;58,902;0,638;255;0,812;0,269;36,338;126,862;4,276
0;93,724;91,162;61,125;0,638;255;0,692;0,05;40,162;132,6;4,314
0;123,132;121,762;55,377;0,638;255;0,584;0,475;89,887;144,712;4,188
0;116,321;116,025;53,414;0,638;255;0,634;0,735;82,875;140,25;4,212
0;116,711;117,3;58,631;0,638;255;0,525;0,177;75,225;144,075;4,269
0;111,923;115,388;56,337;0,638;255;0,559;0,432;70,762;138,975;4,229
0;121,299;121,125;54,138;0,638;255;0,602;0,649;89,25;142,8;4,162
0;116,961;116,025;56,259;0,638;255;0,559;0,381;79,05;144,075;4,256
0;123,038;124,95;64,801;0,638;255;0,485;-0,129;77,775;145,35;4,067
0;122,298;123,675;62,86;0,638;255;0,391;-0,109;80,962;148,538;4,226
0;119,344;121,762;62,235;0,638;255;0,404;-0,123;73,95;148,538;4,276
0;125,179;123,675;66,704;0,638;255;0,378;-0,385;77,775;157,462;4,217
1;148,645;143,438;68,964;0,638;255;0,042;-0,848;100,725;197,625;4,17
0;122,061;124,312;65,365;0,638;255;0,47;-0,184;74,587;145,988;4,102
0;118,421;119,212;62,126;0,638;255;0,461;-0,056;74,587;147,263;4,271
0;126,743;124,95;60,793;0,638;255;0,494;0,031;89,887;149,175;4,163
0;122,034;121,762;61,599;0,638;255;0,45;-0,062;80,325;149,812;4,258
0;127,409;124,312;65,539;0,638;255;0,361;-0,375;83,512;160,65;4,241
0;98,292;98,812;60,99;0,638;255;0,796;0,35;44,625;132,6;4,191
0;97,998;97,538;61,484;0,638;255;0,705;0,114;44,625;134,512;4,289
0;102,012;103,912;61,248;0,638;255;0,656;0,09;48,45;136,425;4,284
0;111,465;107,738;66,569;0,638;255;0,555;-0,275;58,012;148,538;4,316
0;107,232;109,012;57,771;0,638;255;0,755;0,301;55,462;137,7;4,167
0;117,695;115,388;61,498;0,638;255;0,636;0,08;72,675;144,075;4,234
0;119,932;117,938;59,555;0,638;255;0,69;0,283;78,412;144,075;4,146
0;119,434;120,488;56,208;0,638;255;0,568;0,437;82,238;143,438;4,191
0;130,239;123,675;55,307;0,638;255;0,86;0,647;100,725;142,162;3,941
0;129,58;125,587;64,599;0,638;255;0,383;-0,371;85,425;162,562;4,225
0;115,545;118,575;55,376;0,638;255;0,721;0,799;77,775;137,7;4,076
0;115,905;110,925;57,384;0,638;255;0,746;0,473;77,138;141,525;4,233
1;149,703;148,538;79,845;0,638;255;-0,101;-1,259;82,875;230,138;4,152
0;118,86;119,85;60,694;0,638;255;0,657;0,259;75,862;141,525;4,099
0;116,163;116,663;61,798;0,638;255;0,541;0,013;69,488;144,712;4,26
0;117,557;117,938;60,978;0,638;255;0,58;0,088;72,675;144,075;4,228
0;134,83;120,488;62,185;0,638;255;0,843;0,014;107,738;136,425;3,534
0;119,126;123,038;57,68;0,638;255;0,431;0,228;79,688;145,35;4,216
0;115,242;118,575;58,264;0,638;255;0,461;0,195;73,312;144,075;4,26
0;123,361;126,862;54,802;0,638;255;0,455;0,513;91,162;145,35;4,132
0;90,825;79,688;61,398;0,638;255;0,847;0,228;41,438;128,137;4,352
0;91,306;82,238;60,446;0,638;255;0,858;0,359;41,438;128,137;4,308
0;92,988;86,062;58,935;0,638;255;0,903;0,586;45,262;126,225;4,286
0;102,254;94,35;62,787;0,638;255;0,635;-0,121;53,55;141,525;4,393
0;92,705;86,7;58,548;0,638;255;0,874;0,565;44,625;126,862;4,285
0;119,234;119,85;57,543;0,638;255;0,481;0,17;79,688;145,988;4,28
0;118,636;120,488;55,962;0,638;255;0,636;0,531;81,6;140,888;4,147
0;93,191;93,712;59,443;0,638;255;0,632;0,065;40,162;131,962;4,29
0;91,105;89,25;60,211;0,638;255;0,723;0,157;37,612;130,05;4,258
0;94,801;95,625;60,461;0,638;255;0,679;0,184;42,075;130,05;4,308
0;102,338;107,1;59,342;0,638;255;0,55;0,091;49,725;136,425;4,284
0;103,791;109,012;59,564;0,638;255;0,525;0,052;51;137,7;4,293
0;103,526;110,288;60,54;0,638;255;0,605;0,167;48,45;136,425;4,198
0;95,794;97,538;59,794;0,638;255;0,604;0,034;42,713;133,875;4,31
0;99,301;102;59,23;0,638;255;0,568;0,056;47,175;135,15;4,315
1;123,726;124,312;72,34;0,638;255;0,322;-0,791;59,925;163,837;4,281
0;100,159;102,638;60,617;0,638;255;0,587;-0,019;46,538;137,062;4,318
0;96,172;97,538;58,227;0,638;255;0,707;0,345;45,9;130,688;4,276
0;101,5;105,188;57,838;0,638;255;0,552;0,18;51,638;135,788;4,29
0;96,154;98,175;59,876;0,638;255;0,622;0,063;42,713;133,875;4,298
0;105,5;111,562;61,448;0,638;255;0,615;0,121;50,363;137,7;4,204
0;98,605;101,363;63,489;0,638;255;0,751;0,159;40,8;133,875;4,163
0;125,608;125,587;54,58;0,638;255;0,566;0,564;94,988;145,988;4,121
0;125,142;123,675;60,84;0,638;255;0,27;-0,282;83,512;161,925;4,358
0;121,238;123,038;54,327;0,638;255;0,511;0,592;89,25;144,075;4,156
0;141,664;137,7;53,492;0,638;255;0,329;0,025;106,462;170,212;4,205
0;132,089;129,412;50,682;0,638;255;0,582;0,884;106,462;149,175;4,071
0;96,486;97,538;58,981;0,638;255;0,571;0,001;44,625;134,512;4,333
0;97,989;96,262;60,314;0,638;255;0,564;-0,132;46,538;137,062;4,379
0;102,272;97,538;62,388;0,638;255;0,593;-0,092;52,912;141,525;4,375
0;97,149;100,725;59,216;0,638;255;0,681;0,268;44,625;132,6;4,236
0;99,043;103,275;58,872;0,638;255;0,542;0;46,538;135,788;4,302
0;97,901;101,363;59,194;0,638;255;0,567;0,049;45,262;135,15;4,297
0;95,356;99,45;57,021;0,638;255;0,676;0,208;43,35;132,6;4,155
0;96,387;100,725;59,081;0,638;255;0,603;0,091;43,35;133,237;4,268
0;91,373;89,25;60,75;0,638;255;0,746;0,188;37,612;129,412;4,271
0;82,466;61,2;61,546;0,638;255;1,018;0,587;32,513;124,95;4,159
0;80,521;58,65;61,593;0,638;255;0,927;0,298;29,325;124,312;4,207
0;84,609;68,212;61,528;0,638;255;0,885;0,225;34,425;126,225;4,301
0;99,856;102;58,099;0,638;255;0,581;0,189;50,363;134,512;4,311
0;84,125;67,575;62,644;0,638;255;0,892;0,192;33,15;125,587;4,318
0;82,591;59,925;62,415;0,638;255;1,074;0,668;33,15;123,675;4,157
0;243,623;255;34,26;102;255;-2,924;7,118;255;255;0,851
0;95,584;96,9;58,618;0,638;255;0,79;0,498;44,625;130,05;4,215
0;96,489;98,175;57,592;0,638;255;0,744;0,461;46,538;131,325;4,226
0;96,952;94,35;60,041;0,638;255;0,66;0,095;46,538;133,875;4,349
1;240,111;255;39,708;102;255;-2,448;4,29;255;255;0,996
1;231,094;255;47,777;102;255;-1,635;0,904;255;255;1,467
0;103,055;103,275;57,912;0,638;255;0,684;0,387;56,738;134,512;4,293
0;108,502;110,925;59,872;0,638;255;0,533;0,054;59,288;141,525;4,308
0;103,134;103,912;60,518;0,638;255;0,591;0,05;51,638;138,338;4,324
0;99,561;102,638;60,898;0,638;255;0,703;0,263;45,9;131,962;4,25
0;104,346;110,288;62,636;0,638;255;0,544;-0,074;46,538;138,338;4,263
0;111,886;117,3;63,815;0,638;255;0,459;-0,178;55,462;144,075;4,255
0;96,93;99,45;60,761;0,638;255;0,731;0,29;42,713;131,325;4,244
0;113,662;118,575;62,059;0,638;255;0,471;-0,03;61,838;143,438;4,237
0;107,306;112,2;63,174;0,638;255;0,543;-0,038;51,638;140,25;4,255
0;118,763;119,212;66,832;0,638;255;0,373;-0,416;65,663;155,55;4,306
0;107,803;112,838;62,96;0,638;255;0,519;-0,054;52,275;140,888;4,262
0;112,682;120,488;64,032;0,638;255;0,507;-0,067;55,462;142,162;4,128
0;107,459;112,838;62,233;0,638;255;0,567;0,083;52,912;138,338;4,226
0;120,088;117,938;67,539;0,638;255;0,367;-0,503;68,212;159,375;4,332
0;108,085;110,288;63,225;0,638;255;0,549;-0,13;53,55;142,162;4,316
0;109,029;114,112;64,024;0,638;255;0,496;-0,156;51,638;142,8;4,267
0;107,5;112,838;64,046;0,638;255;0,538;-0,128;49,725;141,525;4,257
0;101,584;109,65;60,989;0,638;255;0,668;0,022;42,713;137,7;4,048
0;115,765;111,562;69,203;0,638;255;0,437;-0,544;59,925;157,462;4,34
0;97,107;98,812;59,364;0,638;255;0,703;0,357;45,9;130,05;4,277
1;120,03;119,212;66,337;0,638;255;0,377;-0,54;65,663;158,738;4,374
0;113,554;113,475;62,765;0,638;255;0,622;0,018;65,025;140,888;4,257
0;105,013;111,562;58,756;0,638;255;0,495;0,165;54,188;137,062;4,259
0;107,34;111,562;57,869;0,638;255;0,512;0,267;61,2;138,338;4,271
0;108,446;112,838;58,642;0,638;255;0,498;0,206;61,838;138,975;4,273
0;101,246;107,1;58,331;0,638;255;0,546;0,319;51,638;132,6;4,259
0;117,647;116,025;61,862;0,638;255;0,398;-0,183;72,675;153,638;4,342
0;105,655;112,2;57,927;0,638;255;0,45;0,153;56,738;137,7;4,275
0;109,257;114,75;58,795;0,638;255;0,471;0,145;61,2;140,25;4,267
0;108,215;114,112;59,179;0,638;255;0,451;0,081;58,65;140,25;4,283
0;114,687;116,025;59,234;0,638;255;0,469;0,073;71,4;145,35;4,312
0;106,724;111,562;57,944;0,638;255;0,518;0,289;59,925;137,062;4,259
0;106,918;112,838;57,519;0,638;255;0,454;0,216;59,925;138,338;4,267
0;79,871;59,288;60,002;0,638;255;1,031;0,58;32,513;120,488;4,236
0;89,624;75,862;63,065;0,638;255;0,902;0,328;40,162;128,137;4,313
0;85,803;71,4;61,234;0,638;255;0,893;0,319;35,7;125,587;4,304
0;87,087;72,038;61,171;0,638;255;0,947;0,441;37,612;126,225;4,266
0;86,472;71,4;62,667;0,638;255;0,964;0,442;37,612;124,312;4,3
1;95,567;79,05;66,693;0,638;255;0,769;-0,242;40,8;138,975;4,369
0;89,6;79,05;62,249;0,638;255;0,868;0,264;36,975;128,775;4,276
0;82,774;65,025;61,101;0,638;255;0,989;0,493;33,15;123,675;4,245
0;92,844;84,15;65,009;0,638;255;0,888;0,241;36,975;131,325;4,175
0;81,986;68,212;61,565;0,638;255;0,952;0,475;29,962;121,762;4,228
0;98,675;89,25;64,229;0,638;255;0,64;-0,207;47,175;140,25;4,398
0;90,727;81,6;61,628;0,638;255;0,823;0,202;37,612;130,688;4,246
1;95,687;79,688;68,178;0,638;255;0,676;-0,522;36,338;142,162;4,38
0;94,126;87,338;63,767;0,638;255;0,809;0,111;38,887;131,962;4,284
1;111,645;110,925;72,616;0,638;255;0,53;-0,668;44,625;151,725;4,261
1;114,795;112,838;71,419;0,638;255;0,515;-0,673;49,725;154,913;4,279
0;102,049;101,363;63,042;0,638;255;0,667;-0,032;46,538;137,7;4,301
0;97,869;94,35;60,062;0,638;255;0,794;0,305;47,175;131,962;4,288
1;105,008;98,812;66,043;0,638;255;0,601;-0,431;47,175;146,625;4,372
1;124,473;117,3;71,354;0,638;255;0,288;-0,873;68,212;175,312;4,427
0;94,438;87,975;62,163;0,638;255;0,934;0,498;42,075;129,412;4,202
0;87,112;80,962;57,569;0,638;255;0,887;0,655;38,887;123,675;4,25
0;88,511;80,962;58,752;0,638;255;0,897;0,545;39,525;124,312;4,279
0;108,543;111,562;58,894;0,638;255;0,584;0,224;59,925;138,975;4,26
0;104,761;107,738;62,001;0,638;255;0,54;-0,082;50,363;140,25;4,319
0;107,633;109,65;62,124;0,638;255;0,603;0,045;55,462;139,612;4,283
0;110,129;113,475;59,393;0,638;255;0,586;0,221;61,838;138,975;4,241
0;104,473;107,738;61,782;0,638;255;0,553;-0,055;49,725;139,612;4,305
0;120,867;122,4;59,182;0,638;255;0,501;0,167;82,238;145,35;4,202
0;104,969;108,375;61,567;0,638;255;0,611;0,078;51,638;137,7;4,278
0;112,161;114,75;59,083;0,638;255;0,562;0,236;66,938;140,25;4,246
0;109,172;112,2;59,122;0,638;255;0,592;0,256;61,2;138,338;4,247
0;114,605;119,85;61,042;0,638;255;0,563;0,195;66,3;140,888;4,119
0;105,634;109,012;60,085;0,638;255;0,621;0,214;54,188;137,062;4,25
0;96,46;98,175;63,922;0,638;255;0,79;0,192;38,887;132,6;4,132
0;105,061;97,538;66,881;0,638;255;0,561;-0,43;50,363;147,263;4,428
0;90,913;84,788;61,248;0,638;255;0,827;0,305;38,25;128,137;4,278
0;112,73;114,112;54,234;0,638;255;0,494;0,433;75,225;140,888;4,276
0;116,914;118,575;54,075;0,638;255;0,514;0,521;81,6;142,8;4,233
0;112,607;114,112;53,17;0,638;255;0,565;0,708;77,775;137,7;4,224
0;123,654;119,212;51,397;0,638;255;0,689;0,706;90,525;148,538;4,181
0;119,285;119,212;54,87;0,638;255;0,568;0,553;85,425;143,438;4,202
0;99,977;103,275;61,469;0,638;255;0,662;0,14;45,262;133,237;4,264
0;105,298;109,012;61,475;0,638;255;0,589;0,051;51;138,975;4,268
0;104,219;108,375;61,621;0,638;255;0,578;0,034;49,725;138,975;4,274
0;114,642;112,838;68,96;0,638;255;0,5;-0,434;57,375;152,362;4,276
0;118,332;116,025;56,025;0,638;255;0,901;0,863;83,512;137,062;4,037
0;101,913;105,188;60,754;0,638;255;0,626;0,182;49,088;134,512;4,279
0;106,541;110,925;62,426;0,638;255;0,549;-0,105;50,363;140,888;4,288
1;136,109;126,862;65,529;0,638;255;0,376;-0,688;87,975;176,588;4,25
0;97,664;98,812;62,201;0,638;255;0,672;0,024;42,075;135,15;4,275
0;90,218;85,425;63,335;0,638;255;0,843;0,287;35,7;127,5;4,27
0;101,579;97,538;64,721;0,638;255;0,58;-0,226;47,812;142,8;4,371
0;93,394;88,612;63,517;0,638;255;0,735;0,011;37,612;133,875;4,286
0;105,371;110,925;62,004;0,638;255;0,532;-0,001;49,725;138,975;4,257
0;90,391;86,062;62,106;0,638;255;0,757;0,134;35,7;130,05;4,278
0;76,306;53,55;59,006;0,638;255;1,091;0,78;29,962;118,575;4,163
0;75,802;54,188;60,681;0,638;255;1,049;0,672;26,775;117,938;4,181
0;85,476;67,575;62,89;0,638;255;1,02;0,552;36,338;124,312;4,255
0;78,579;57,375;59,303;0,638;255;1,004;0,559;31,238;121,125;4,205
0;76,95;54,825;58,824;0,638;255;1,064;0,712;30,6;119,212;4,18
0;92,551;82,875;57,075;0,638;255;0,967;0,658;43,35;129,412;4,064
0;97,777;94,988;62,682;0,638;255;0,691;0,022;43,988;135,15;4,327
0;93,721;89,887;61,63;0,638;255;0,767;0,184;40,162;131,325;4,281
0;91,835;80,325;63,637;0,638;255;0,94;0,38;38,887;129,412;4,201
0;101,99;99,45;62,267;0,638;255;0,656;0,001;49,725;138,338;4,337
0;102,108;96,9;66,295;0,638;255;0,661;-0,168;47,175;142,162;4,323
0;86,303;72,675;63,024;0,638;255;0,825;0,12;33,15;128,775;4,28
0;132,304;126,862;52,571;0,638;255;0,688;0,683;102,638;149,812;4,078
0;106,6;111,562;63,431;0,638;255;0,643;0,035;49,088;138,975;4,174
0;100,934;103,912;62,457;0,638;255;0,634;0,057;44,625;137,062;4,251
0;86,109;79,05;59,359;0,638;255;0,835;0,393;35,062;124,95;4,262
0;111,558;114,112;62,557;0,638;255;0,522;-0,081;58,012;143,438;4,276
0;99,933;102;62,703;0,638;255;0,645;0,001;43,35;137,062;4,276
0;100,195;100,725;62,29;0,638;255;0,649;0,044;45,262;136,425;4,295
0;89,217;77,138;58,976;0,638;255;0,915;0,399;37,612;130,05;4,022
0;95,688;93,712;62,462;0,638;255;0,693;-0,006;40,162;135,15;4,29
0;108,992;112,2;61,578;0,638;255;0,551;0,005;56,1;141,525;4,279
0;105,794;109,012;64,756;0,638;255;0,685;-0,033;47,175;139,612;4,165
0;94,921;89,887;63,8;0,638;255;0,877;0,315;40,162;131,962;4,145
0;97,463;98,175;62,331;0,638;255;0,752;0,221;42,713;133,875;4,207
0;97,714;96,262;63,186;0,638;255;0,686;-0,018;42,075;136,425;4,296
0;93,701;92,438;60,94;0,638;255;0,708;0,161;40,162;131,325;4,305
0;98,157;97,538;60,358;0,638;255;0,63;0,067;46,538;135,15;4,333
0;95,978;94,35;63,305;0,638;255;0,721;0,073;40,8;133,237;4,304
0;91,655;85,425;60,564;0,638;255;0,796;0,251;40,162;130,05;4,282
0;89,662;82,238;60,344;0,638;255;0,812;0,277;38,25;128,137;4,289
0;92,1;83,512;61,007;0,638;255;0,795;0,185;41,438;130,688;4,323
0;125,231;125,587;56,342;0,638;255;0,506;0,422;94,35;145,988;4,126
0;113,513;118,575;61,714;0,638;255;0,433;-0,096;61,838;144,712;4,264
0;122,099;124,95;59,626;0,638;255;0,451;0,099;81,6;147,263;4,18
0;121,634;125,587;56,218;0,638;255;0,442;0,34;85,425;145,988;4,156
0;115,187;121,125;60,429;0,638;255;0,436;0,018;66,3;143,438;4,214
0;126,783;126,225;55,499;0,638;255;0,504;0,419;94,988;149,175;4,149
0;122,321;124,312;57,064;0,638;255;0,464;0,316;87,338;146,625;4,177
0;136,102;131,325;63,003;0,638;255;0,313;-0,37;95,625;167,662;4,204
0;127,517;128,137;61,036;0,638;255;0,484;0,033;89,25;148,538;4,068
0;120,091;122,4;61,097;0,638;255;0,464;0,033;77,138;146,625;4,21
0;124,146;123,675;60,277;0,638;255;0,475;0,025;85,425;149,175;4,227
1;135,315;130,05;61,168;0,638;255;0,382;-0,279;97,538;162,562;4,215
0;131,992;128,775;59,48;0,638;255;0,565;0,121;98,812;148,538;4,018
0;128,07;126,225;58,009;0,638;255;0,532;0,238;94,35;148,538;4,129
0;120,269;121,125;62,51;0,638;255;0,498;-0,047;75,225;146,625;4,21
0;115,816;116,025;61,605;0,638;255;0,511;-0,07;67,575;147,9;4,291
0;118,321;118,575;59,554;0,638;255;0,551;0,082;73,312;146,625;4,249
0;113,675;117,3;60,202;0,638;255;0,511;0,046;63,75;144,075;4,245
0;115,087;117,3;58,963;0,638;255;0,59;0,207;68,85;142,8;4,219
0;80,04;63,112;60,648;0,638;255;1,049;0,573;33,15;115,388;4,302
0;73,919;54,188;57,35;0,638;255;1,18;1,025;30,6;110,288;4,207
0;101,398;99,45;65,212;0,638;255;0,654;-0,152;44,625;139,612;4,326
0;117,039;119,212;59,288;0,638;255;0,565;0,329;77,138;141,525;4,163
0;110,232;114,112;61,553;0,638;255;0,488;0,007;58,65;141,525;4,271
0;111,94;109,65;65,837;0,638;255;0,479;-0,319;59,288;150,45;4,344
0;117,213;117,3;60,734;0,638;255;0,583;0,141;73,95;143,438;4,22
0;116,793;119,212;59,04;0,638;255;0,507;0,247;77,138;142,162;4,209
0;113,921;116,025;57,427;0,638;255;0,582;0,401;72,675;140,25;4,214
0;95,869;100,725;60,524;0,638;255;0,684;0,211;40,162;132,6;4,196
1;126,828;125,587;65,311;0,638;255;0,287;-0,617;75,225;165,75;4,397
0;103,564;102;60,972;0,638;255;0,704;0,166;52,912;137,062;4,31
0;93,173;87,975;62,013;0,638;255;0,771;0,146;40,162;131,962;4,293
0;89,452;79,05;61,081;0,638;255;0,772;0,079;37,612;130,688;4,315
0;86,14;73,95;60,41;0,638;255;0,815;0,191;34,425;128,137;4,249
0;86,706;75,862;60,328;0,638;255;0,809;0,206;35,062;128,137;4,268
0;89,487;80,962;60,989;0,638;255;0,789;0,159;36,975;130,688;4,254
0;92,117;86,062;57,264;0,638;255;0,822;0,327;40,8;131,325;4,1
0;90,507;82,238;61,872;0,638;255;0,751;0,042;37,612;131,325;4,312
0;90,04;79,688;61,389;0,638;255;0,755;0,043;38,25;131,325;4,337
0;87,822;79,688;59,732;0,638;255;0,77;0,205;36,338;128,775;4,252
0;90,154;80,962;61,569;0,638;255;0,772;0,1;38,25;131,325;4,31
0;92,481;87,338;63,328;0,638;255;0,714;-0,013;36,975;134,512;4,271
0;99,679;102,638;62,412;0,638;255;0,587;-0,093;43,35;138,338;4,281
0;90,032;84,15;62,366;0,638;255;0,731;0,025;35,062;131,962;4,258
0;97,485;101,363;61,229;0,638;255;0,644;0,096;42,075;135,788;4,223
0;103,254;100,725;66,703;0,638;255;0,615;-0,22;46,538;143,438;4,306
0;94,551;91,8;63,73;0,638;255;0,694;-0,04;38,25;135,788;4,263
0;112,116;116,663;59,522;0,638;255;0,421;-0,041;62,475;144,712;4,302
1;126,771;133,875;64,864;0,638;255;0,234;-0,584;71,4;160,012;4,294
1;122,036;127,5;69,309;0,638;255;0,229;-0,801;58,012;165,112;4,374
0;108,195;114,75;60,487;0,638;255;0,428;-0,078;54,825;141,525;4,29
1;141,659;142,162;58,885;0,638;255;0,197;-0,312;104,55;167,025;4,201
0;123,999;121,762;62,419;0,638;255;0,4;-0,185;81,6;156,188;4,28
0;81,212;77,775;61,791;0,638;255;0,89;0,505;25,5;120,488;4,128
0;97,907;102;60,769;0,638;255;0,593;0,024;42,713;135,15;4,282
0;92,347;89,887;62,524;0,638;255;0,72;0,051;36,975;131,962;4,281
0;103,687;95,625;72,511;0,638;255;0,589;-0,566;40,8;148,538;4,37
0;127,163;123,675;64,575;0,638;255;0,357;-0,362;82,875;161,925;4,269
0;116,843;116,025;67,388;0,638;255;0,447;-0,373;62,475;153;4,267
0;120,259;117,938;61,721;0,638;255;0,624;0,067;76,5;145,35;4,18
0;124,694;123,675;58,121;0,638;255;0,574;0,285;89,25;147,263;4,14
0;109,274;112,2;63,371;0,638;255;0,557;-0,044;54,825;141,525;4,26
0;119,034;117,938;66,401;0,638;255;0,381;-0,418;67,575;156,825;4,317
0;119,457;116,663;65,905;0,638;255;0,387;-0,415;70,125;158,1;4,336
0;119,149;118,575;58,98;0,638;255;0,635;0,323;79,688;143,438;4,161
0;109,025;112,838;63,54;0,638;255;0,52;-0,113;53,55;142,8;4,269
0;112,953;107,738;67,384;0,638;255;0,526;-0,37;59,925;152,362;4,324
0;111,188;117,3;59,298;0,638;255;0,67;0,242;58,012;140,25;4,092
0;116,223;118,575;63,635;0,638;255;0,613;0,019;65,663;142,162;4,125
0;115,166;117,3;61,214;0,638;255;0,54;0,033;66,938;144,712;4,243
0;116,79;118,575;61,455;0,638;255;0,521;0,003;69,488;146,625;4,241
0;116,79;118,575;61,455;0,638;255;0,521;0,003;69,488;146,625;4,241
0;118,648;117,938;55,424;0,638;255;0,619;0,627;85,425;142,162;4,171
0;113,363;116,663;59,044;0,638;255;0,514;0,208;68,212;142,8;4,229
0;119,777;117,938;61,965;0,638;255;0,415;-0,151;75,862;154,275;4,304
0;113,027;116,025;60,219;0,638;255;0,499;0,034;64,388;144,075;4,28
0;123,76;129,412;52,084;0,638;255;0,543;0,848;93,075;143,438;3,974
0;124,347;130,05;52,642;0,638;255;0,482;0,645;91,8;146,625;4,022
0;117,449;116,025;63,676;0,638;255;0,437;-0,216;69,488;153;4,304
0;117,119;119,212;58,656;0,638;255;0,472;0,122;73,95;146,625;4,26
0;115,681;118,575;63,775;0,638;255;0,498;-0,13;64,388;145,35;4,245
0;82,198;56,738;57,055;0,638;255;1,104;0,753;36,338;124,312;4,009
0;82,552;65,663;60,242;0,638;255;0,975;0,483;33,788;121,762;4,275
0;73,813;54,188;56,601;0,638;255;1,108;0,939;29,325;112,838;4,186
0;96,841;96,262;59,637;0,638;255;0,691;0,141;43,988;134,512;4,274
0;88,54;73,312;63,238;0,638;255;0,897;0,269;38,25;128,775;4,307
0;77,298;58,012;58,278;0,638;255;1,06;0,686;31,875;116,025;4,245
0;84,434;77,138;66,183;0,638;255;1,196;1,03;35,062;104,55;4,132
0;111,045;99,45;72,728;0,638;255;0,492;-0,755;51;160,65;4,427
0;75,485;52,275;58,814;0,638;255;1,231;1,172;31,238;115,388;4,127
0;109,845;112,838;55,053;0,638;255;0,576;0,51;68,85;137,062;4,248
1;131,302;129,412;66,878;0,638;255;0,31;-0,627;80,325;165,75;4,26
0;112,272;108,375;65,432;0,638;255;0,49;-0,317;61,2;151,088;4,361
0;113,865;112,2;63,756;0,638;255;0,497;-0,169;64,388;148,538;4,316
0;120,269;117,938;63,46;0,638;255;0,496;-0,112;75,862;150,45;4,246
0;114,408;117,3;62,118;0,638;255;0,644;0,175;65,663;138,975;4,128
0;113,666;119,85;55,402;0,638;255;0,614;0,721;75,225;136,425;4,065
0;115,184;112,838;61,224;0,638;255;0,444;-0,123;70,762;150,45;4,35
0;111,926;114,75;57,5;0,638;255;0,572;0,355;68,85;139,612;4,24
0;110,154;113,475;59,196;0,638;255;0,543;0,187;63,112;139,612;4,27
0;117,37;117,3;56,584;0,638;255;0,627;0,432;79,05;142,162;4,217
0;108,558;111,562;56,888;0,638;255;0,55;0,412;65,663;137,062;4,252
0;119,362;119,212;55,236;0,638;255;0,601;0,496;83,512;143,438;4,204
0;111,464;119,85;56,737;0,638;255;0,557;0,333;62,475;138,975;4,111
0;110,455;112,838;58,641;0,638;255;0,553;0,224;64,388;140,25;4,272
0;112,971;115,388;58,374;0,638;255;0,52;0,211;69,488;142,162;4,27
0;126,088;121,125;51,25;0,638;255;0,893;1,142;98,812;139,612;4,015
0;107,009;109,65;61,441;0,638;255;0,555;-0,017;54,825;140,25;4,317
0;100,594;102;60,71;0,638;255;0,647;0,173;48,45;134,512;4,296
0;95,507;96,262;58,556;0,638;255;0,678;0,234;43,35;131,962;4,268
0;102,816;107,1;59,228;0,638;255;0,595;0,213;51,638;135,15;4,268
0;96,144;98,175;61,401;0,638;255;0,697;0,225;42,075;130,05;4,289
0;125,903;121,762;51,935;0,638;255;0,741;0,817;94,988;146,625;4,124
0;82,913;66,938;61,102;0,638;255;0,884;0,284;31,875;124,95;4,254
0;80,836;63,112;60,429;0,638;255;0,917;0,364;30,6;123,675;4,223
1;86,399;69,488;66,842;0,638;255;0,82;-0,114;29,325;130,05;4,3
0;83,946;75,862;61,646;0,638;255;0,849;0,308;30,6;123,675;4,257
0;82,132;65,025;61,268;0,638;255;0,898;0,293;30,6;124,95;4,23
0;86,59;73,312;61,719;0,638;255;0,837;0,186;35,062;128,137;4,296
0;84,937;70,762;61,904;0,638;255;0,862;0,234;32,513;126,862;4,261
0;87,145;81,6;62,508;0,638;255;0,896;0,455;33,15;123,675;4,25
0;81,272;63,75;60,712;0,638;255;0,914;0,36;30,6;123,675;4,227
0;84,051;68,212;61,33;0,638;255;0,866;0,23;31,875;126,862;4,219
0;80,062;61,838;60,162;0,638;255;0,924;0,38;29,962;122,4;4,23
0;84,843;65,025;62,72;0,638;255;0,987;0,472;33,15;126,862;4,146
